[21Apr2025 23:39:06.657] [main/INFO] [cpw.mods.modlauncher.Launcher/MODLAUNCHER]: ModLauncher running: args [--launchTarget, forgeserver, --fml.neoForgeVersion, 21.1.145, --fml.fmlVersion, 4.0.38, --fml.mcVersion, 1.21.1, --fml.neoFormVersion, 20240808.144430, nogui]
[21Apr2025 23:39:06.661] [main/INFO] [cpw.mods.modlauncher.Launcher/MODLAUNCHER]: JVM identified as Ubuntu OpenJDK 64-Bit Server VM 21.0.6+7-Ubuntu-120.04.1
[21Apr2025 23:39:06.662] [main/INFO] [cpw.mods.modlauncher.Launcher/MODLAUNCHER]: ModLauncher 11.0.4+main.d2e20e43 starting: java version 21.0.6 by Ubuntu; OS Linux arch amd64 version 6.8.0-1026-azure
[21Apr2025 23:39:07.335] [main/INFO] [net.neoforged.fml.loading.ImmediateWindowHandler/]: ImmediateWindowProvider not loading because launch target is forgeserver
[21Apr2025 23:39:07.429] [main/INFO] [mixin/]: SpongePowered MIXIN Subsystem Version=0.8.7 Source=union:/workspaces/Mundo/servidor_minecraft/libraries/net/fabricmc/sponge-mixin/0.15.2+mixin.0.8.7/sponge-mixin-0.15.2+mixin.0.8.7.jar%2375!/ Service=ModLauncher Env=SERVER
[21Apr2025 23:39:07.592] [main/INFO] [net.neoforged.fml.loading.moddiscovery.ModDiscoverer/SCAN]: Found mod file "server-1.21.1-20240808.144430-srg.jar" [locator: production server provider +net.neoforged:neoforge:21.1.145:server]
[21Apr2025 23:39:07.612] [main/INFO] [net.neoforged.fml.loading.moddiscovery.ModDiscoverer/SCAN]: Found mod file "neoforge-21.1.145-universal.jar" [locator: PathBasedLocator[name=neoforge, paths=[libraries/net/neoforged/neoforge/21.1.145/neoforge-21.1.145-universal.jar]], reader: mod manifest]
[21Apr2025 23:39:07.627] [main/INFO] [net.neoforged.fml.loading.moddiscovery.ModDiscoverer/SCAN]: Found mod file "[neoforge]ctov-3.5.7a.jar" [locator: {mods folder locator at /workspaces/Mundo/servidor_minecraft/mods}, reader: mod manifest]
[21Apr2025 23:39:07.631] [main/INFO] [net.neoforged.fml.loading.moddiscovery.ModDiscoverer/SCAN]: Found mod file "AdvancementPlaques-1.21.1-neoforge-1.6.8.jar" [locator: {mods folder locator at /workspaces/Mundo/servidor_minecraft/mods}, reader: mod manifest]
[21Apr2025 23:39:07.637] [main/INFO] [net.neoforged.fml.loading.moddiscovery.ModDiscoverer/SCAN]: Found mod file "allthearcanistgear-1.21.1-21.3.0.jar" [locator: {mods folder locator at /workspaces/Mundo/servidor_minecraft/mods}, reader: mod manifest]
[21Apr2025 23:39:07.641] [main/INFO] [net.neoforged.fml.loading.moddiscovery.ModDiscoverer/SCAN]: Found mod file "allthemodium-2.9.2_mc_1.21.1.jar" [locator: {mods folder locator at /workspaces/Mundo/servidor_minecraft/mods}, reader: mod manifest]
[21Apr2025 23:39:07.646] [main/INFO] [net.neoforged.fml.loading.moddiscovery.ModDiscoverer/SCAN]: Found mod file "almostunified-neoforge-1.21.1-1.2.3.jar" [locator: {mods folder locator at /workspaces/Mundo/servidor_minecraft/mods}, reader: mod manifest]
[21Apr2025 23:39:07.651] [main/INFO] [net.neoforged.fml.loading.moddiscovery.ModDiscoverer/SCAN]: Found mod file "Apotheosis-1.21.1-8.3.2.jar" [locator: {mods folder locator at /workspaces/Mundo/servidor_minecraft/mods}, reader: mod manifest]
[21Apr2025 23:39:07.663] [main/INFO] [net.neoforged.fml.loading.moddiscovery.ModDiscoverer/SCAN]: Found mod file "ApothicAttributes-1.21.1-2.8.0.jar" [locator: {mods folder locator at /workspaces/Mundo/servidor_minecraft/mods}, reader: mod manifest]
[21Apr2025 23:39:07.667] [main/INFO] [net.neoforged.fml.loading.moddiscovery.ModDiscoverer/SCAN]: Found mod file "ApothicEnchanting-1.21.1-1.4.0.jar" [locator: {mods folder locator at /workspaces/Mundo/servidor_minecraft/mods}, reader: mod manifest]
[21Apr2025 23:39:07.669] [main/INFO] [net.neoforged.fml.loading.moddiscovery.ModDiscoverer/SCAN]: Found mod file "ApothicSpawners-1.21.1-1.3.0.jar" [locator: {mods folder locator at /workspaces/Mundo/servidor_minecraft/mods}, reader: mod manifest]
[21Apr2025 23:39:07.680] [main/INFO] [net.neoforged.fml.loading.moddiscovery.ModDiscoverer/SCAN]: Found mod file "appleskin-neoforge-mc1.21-3.0.5.jar" [locator: {mods folder locator at /workspaces/Mundo/servidor_minecraft/mods}, reader: mod manifest]
[21Apr2025 23:39:07.682] [main/INFO] [net.neoforged.fml.loading.moddiscovery.ModDiscoverer/SCAN]: Found mod file "architectury-13.0.8-neoforge.jar" [locator: {mods folder locator at /workspaces/Mundo/servidor_minecraft/mods}, reader: mod manifest]
[21Apr2025 23:39:07.686] [main/INFO] [net.neoforged.fml.loading.moddiscovery.ModDiscoverer/SCAN]: Found mod file "ars_additions-1.21.1-21.2.2.jar" [locator: {mods folder locator at /workspaces/Mundo/servidor_minecraft/mods}, reader: mod manifest]
[21Apr2025 23:39:07.689] [main/INFO] [net.neoforged.fml.loading.moddiscovery.ModDiscoverer/SCAN]: Found mod file "ars_controle-1.21.1-1.5.2.jar" [locator: {mods folder locator at /workspaces/Mundo/servidor_minecraft/mods}, reader: mod manifest]
[21Apr2025 23:39:07.691] [main/INFO] [net.neoforged.fml.loading.moddiscovery.ModDiscoverer/SCAN]: Found mod file "ars_elemancy-1.21.1-1.3.jar" [locator: {mods folder locator at /workspaces/Mundo/servidor_minecraft/mods}, reader: mod manifest]
[21Apr2025 23:39:07.694] [main/INFO] [net.neoforged.fml.loading.moddiscovery.ModDiscoverer/SCAN]: Found mod file "ars_elemental-1.21.1-0.7.3.0.jar" [locator: {mods folder locator at /workspaces/Mundo/servidor_minecraft/mods}, reader: mod manifest]
[21Apr2025 23:39:07.702] [main/INFO] [net.neoforged.fml.loading.moddiscovery.ModDiscoverer/SCAN]: Found mod file "ars_nouveau-1.21.1-5.8.1-all.jar" [locator: {mods folder locator at /workspaces/Mundo/servidor_minecraft/mods}, reader: mod manifest]
[21Apr2025 23:39:07.704] [main/INFO] [net.neoforged.fml.loading.moddiscovery.ModDiscoverer/SCAN]: Found mod file "arsdelight-2.1.5.jar" [locator: {mods folder locator at /workspaces/Mundo/servidor_minecraft/mods}, reader: mod manifest]
[21Apr2025 23:39:07.707] [main/INFO] [net.neoforged.fml.loading.moddiscovery.ModDiscoverer/SCAN]: Found mod file "arsnouveaudelight-1.1.0.6-1.21.x.jar" [locator: {mods folder locator at /workspaces/Mundo/servidor_minecraft/mods}, reader: mod manifest]
[21Apr2025 23:39:07.709] [main/INFO] [net.neoforged.fml.loading.moddiscovery.ModDiscoverer/SCAN]: Found mod file "arsnouveaudungeons-1.0.0-1.20.1.jar" [locator: {mods folder locator at /workspaces/Mundo/servidor_minecraft/mods}, reader: mod manifest]
[21Apr2025 23:39:07.711] [main/INFO] [net.neoforged.fml.loading.moddiscovery.ModDiscoverer/SCAN]: Found mod file "athena-neoforge-1.21-4.0.1.jar" [locator: {mods folder locator at /workspaces/Mundo/servidor_minecraft/mods}, reader: mod manifest]
[21Apr2025 23:39:07.714] [main/INFO] [net.neoforged.fml.loading.moddiscovery.ModDiscoverer/SCAN]: Found mod file "balm-neoforge-1.21.1-21.0.40.jar" [locator: {mods folder locator at /workspaces/Mundo/servidor_minecraft/mods}, reader: mod manifest]
[21Apr2025 23:39:07.724] [main/INFO] [net.neoforged.fml.loading.moddiscovery.ModDiscoverer/SCAN]: Found mod file "baubley-heart-canisters-1.21.1-1.2.2.jar" [locator: {mods folder locator at /workspaces/Mundo/servidor_minecraft/mods}, reader: mod manifest]
[21Apr2025 23:39:07.727] [main/INFO] [net.neoforged.fml.loading.moddiscovery.ModDiscoverer/SCAN]: Found mod file "betterchunkloading-1.21-5.4.jar" [locator: {mods folder locator at /workspaces/Mundo/servidor_minecraft/mods}, reader: mod manifest]
[21Apr2025 23:39:07.732] [main/INFO] [net.neoforged.fml.loading.moddiscovery.ModDiscoverer/SCAN]: Found mod file "BOMD-NeoForge-1.21-1.3.2.jar" [locator: {mods folder locator at /workspaces/Mundo/servidor_minecraft/mods}, reader: mod manifest]
[21Apr2025 23:39:07.734] [main/INFO] [net.neoforged.fml.loading.moddiscovery.ModDiscoverer/SCAN]: Found mod file "BridgingMod-2.6.2+1.21.1.neoforge-release.jar" [locator: {mods folder locator at /workspaces/Mundo/servidor_minecraft/mods}, reader: mod manifest]
[21Apr2025 23:39:07.736] [main/INFO] [net.neoforged.fml.loading.moddiscovery.ModDiscoverer/SCAN]: Found mod file "buildinggadgets2-1.3.8.jar" [locator: {mods folder locator at /workspaces/Mundo/servidor_minecraft/mods}, reader: mod manifest]
[21Apr2025 23:39:07.738] [main/INFO] [net.neoforged.fml.loading.moddiscovery.ModDiscoverer/SCAN]: Found mod file "CerbonsAPI-NeoForge-1.21-1.2.0.jar" [locator: {mods folder locator at /workspaces/Mundo/servidor_minecraft/mods}, reader: mod manifest]
[21Apr2025 23:39:07.758] [main/INFO] [net.neoforged.fml.loading.moddiscovery.ModDiscoverer/SCAN]: Found mod file "chipped-neoforge-1.21.1-4.0.2.jar" [locator: {mods folder locator at /workspaces/Mundo/servidor_minecraft/mods}, reader: mod manifest]
[21Apr2025 23:39:07.761] [main/INFO] [net.neoforged.fml.loading.moddiscovery.ModDiscoverer/SCAN]: Found mod file "chunkloaders-1.2.8-neoforge-mc1.21.jar" [locator: {mods folder locator at /workspaces/Mundo/servidor_minecraft/mods}, reader: mod manifest]
[21Apr2025 23:39:07.763] [main/INFO] [net.neoforged.fml.loading.moddiscovery.ModDiscoverer/SCAN]: Found mod file "chunksending-1.21-2.8.jar" [locator: {mods folder locator at /workspaces/Mundo/servidor_minecraft/mods}, reader: mod manifest]
[21Apr2025 23:39:07.765] [main/INFO] [net.neoforged.fml.loading.moddiscovery.ModDiscoverer/SCAN]: Found mod file "cloth-config-15.0.140-neoforge.jar" [locator: {mods folder locator at /workspaces/Mundo/servidor_minecraft/mods}, reader: mod manifest]
[21Apr2025 23:39:07.767] [main/INFO] [net.neoforged.fml.loading.moddiscovery.ModDiscoverer/SCAN]: Found mod file "collective-1.21.1-8.3.jar" [locator: {mods folder locator at /workspaces/Mundo/servidor_minecraft/mods}, reader: mod manifest]
[21Apr2025 23:39:07.769] [main/INFO] [net.neoforged.fml.loading.moddiscovery.ModDiscoverer/SCAN]: Found mod file "commoncapabilities-1.21.1-neoforge-2.9.8.jar" [locator: {mods folder locator at /workspaces/Mundo/servidor_minecraft/mods}, reader: mod manifest]
[21Apr2025 23:39:07.772] [main/INFO] [net.neoforged.fml.loading.moddiscovery.ModDiscoverer/SCAN]: Found mod file "Corgilib-NeoForge-1.21.1-5.0.0.3.jar" [locator: {mods folder locator at /workspaces/Mundo/servidor_minecraft/mods}, reader: mod manifest]
[21Apr2025 23:39:07.774] [main/INFO] [net.neoforged.fml.loading.moddiscovery.ModDiscoverer/SCAN]: Found mod file "cosmoslibrary-neoforge-1.21.1-11.11.4.0.jar" [locator: {mods folder locator at /workspaces/Mundo/servidor_minecraft/mods}, reader: mod manifest]
[21Apr2025 23:39:07.778] [main/INFO] [net.neoforged.fml.loading.moddiscovery.ModDiscoverer/SCAN]: Found mod file "CreativeCore_NEOFORGE_v2.13.2_mc1.21.1.jar" [locator: {mods folder locator at /workspaces/Mundo/servidor_minecraft/mods}, reader: mod manifest]
[21Apr2025 23:39:07.781] [main/INFO] [net.neoforged.fml.loading.moddiscovery.ModDiscoverer/SCAN]: Found mod file "cupboard-1.21-2.9.jar" [locator: {mods folder locator at /workspaces/Mundo/servidor_minecraft/mods}, reader: mod manifest]
[21Apr2025 23:39:07.784] [main/INFO] [net.neoforged.fml.loading.moddiscovery.ModDiscoverer/SCAN]: Found mod file "curios-neoforge-9.4.2+1.21.1.jar" [locator: {mods folder locator at /workspaces/Mundo/servidor_minecraft/mods}, reader: mod manifest]
[21Apr2025 23:39:07.786] [main/INFO] [net.neoforged.fml.loading.moddiscovery.ModDiscoverer/SCAN]: Found mod file "cyclopscore-1.21.1-neoforge-1.25.9.jar" [locator: {mods folder locator at /workspaces/Mundo/servidor_minecraft/mods}, reader: mod manifest]
[21Apr2025 23:39:07.789] [main/INFO] [net.neoforged.fml.loading.moddiscovery.ModDiscoverer/SCAN]: Found mod file "deeperdarker-neoforge-1.21-1.3.4.jar" [locator: {mods folder locator at /workspaces/Mundo/servidor_minecraft/mods}, reader: mod manifest]
[21Apr2025 23:39:07.792] [main/INFO] [net.neoforged.fml.loading.moddiscovery.ModDiscoverer/SCAN]: Found mod file "dimensionalpocketsii-neoforge-1.21.1-10.6.0.0.jar" [locator: {mods folder locator at /workspaces/Mundo/servidor_minecraft/mods}, reader: mod manifest]
[21Apr2025 23:39:07.794] [main/INFO] [net.neoforged.fml.loading.moddiscovery.ModDiscoverer/SCAN]: Found mod file "doubledoors-1.21.1-7.0.jar" [locator: {mods folder locator at /workspaces/Mundo/servidor_minecraft/mods}, reader: mod manifest]
[21Apr2025 23:39:07.796] [main/INFO] [net.neoforged.fml.loading.moddiscovery.ModDiscoverer/SCAN]: Found mod file "DungeonCrawl-NeoForge-1.21-2.3.15.jar" [locator: {mods folder locator at /workspaces/Mundo/servidor_minecraft/mods}, reader: mod manifest]
[21Apr2025 23:39:07.799] [main/INFO] [net.neoforged.fml.loading.moddiscovery.ModDiscoverer/SCAN]: Found mod file "DungeonsArise-1.21.x-2.1.64-release.jar" [locator: {mods folder locator at /workspaces/Mundo/servidor_minecraft/mods}, reader: mod manifest]
[21Apr2025 23:39:07.802] [main/INFO] [net.neoforged.fml.loading.moddiscovery.ModDiscoverer/SCAN]: Found mod file "DungeonsAriseSevenSeas-1.21.x-1.0.3.2-neoforge.jar" [locator: {mods folder locator at /workspaces/Mundo/servidor_minecraft/mods}, reader: mod manifest]
[21Apr2025 23:39:07.804] [main/INFO] [net.neoforged.fml.loading.moddiscovery.ModDiscoverer/SCAN]: Found mod file "emi-1.1.22+1.21.1+neoforge.jar" [locator: {mods folder locator at /workspaces/Mundo/servidor_minecraft/mods}, reader: mod manifest]
[21Apr2025 23:39:07.806] [main/INFO] [net.neoforged.fml.loading.moddiscovery.ModDiscoverer/SCAN]: Found mod file "emi_enchanting-0.1.2+1.21+neoforge.jar" [locator: {mods folder locator at /workspaces/Mundo/servidor_minecraft/mods}, reader: mod manifest]
[21Apr2025 23:39:07.810] [main/INFO] [net.neoforged.fml.loading.moddiscovery.ModDiscoverer/SCAN]: Found mod file "emi_loot-0.7.5+1.21+neoforge.jar" [locator: {mods folder locator at /workspaces/Mundo/servidor_minecraft/mods}, reader: mod manifest]
[21Apr2025 23:39:07.815] [main/INFO] [net.neoforged.fml.loading.moddiscovery.ModDiscoverer/SCAN]: Found mod file "emi_ores-1.2+1.21.1+neoforge.jar" [locator: {mods folder locator at /workspaces/Mundo/servidor_minecraft/mods}, reader: mod manifest]
[21Apr2025 23:39:07.817] [main/INFO] [net.neoforged.fml.loading.moddiscovery.ModDiscoverer/SCAN]: Found mod file "EMIProfessions-neoforge-1.21.1-1.0.3.jar" [locator: {mods folder locator at /workspaces/Mundo/servidor_minecraft/mods}, reader: mod manifest]
[21Apr2025 23:39:07.819] [main/INFO] [net.neoforged.fml.loading.moddiscovery.ModDiscoverer/SCAN]: Found mod file "EnchantingInfuser-v21.1.0-1.21.1-NeoForge.jar" [locator: {mods folder locator at /workspaces/Mundo/servidor_minecraft/mods}, reader: mod manifest]
[21Apr2025 23:39:07.842] [main/INFO] [net.neoforged.fml.loading.moddiscovery.ModDiscoverer/SCAN]: Found mod file "evilcraft-1.21.1-neoforge-1.2.69.jar" [locator: {mods folder locator at /workspaces/Mundo/servidor_minecraft/mods}, reader: mod manifest]
[21Apr2025 23:39:07.845] [main/INFO] [net.neoforged.fml.loading.moddiscovery.ModDiscoverer/SCAN]: Found mod file "ExplorersCompass-1.21.1-3.0.3-neoforge.jar" [locator: {mods folder locator at /workspaces/Mundo/servidor_minecraft/mods}, reader: mod manifest]
[21Apr2025 23:39:07.847] [main/INFO] [net.neoforged.fml.loading.moddiscovery.ModDiscoverer/SCAN]: Found mod file "Explorify v1.6.2 f10-48.jar" [locator: {mods folder locator at /workspaces/Mundo/servidor_minecraft/mods}, reader: mod manifest]
[21Apr2025 23:39:07.850] [main/INFO] [net.neoforged.fml.loading.moddiscovery.ModDiscoverer/SCAN]: Found mod file "FarmersDelight-1.21.1-1.2.7.jar" [locator: {mods folder locator at /workspaces/Mundo/servidor_minecraft/mods}, reader: mod manifest]
[21Apr2025 23:39:07.853] [main/INFO] [net.neoforged.fml.loading.moddiscovery.ModDiscoverer/SCAN]: Found mod file "farsight-1.21-3.8.jar" [locator: {mods folder locator at /workspaces/Mundo/servidor_minecraft/mods}, reader: mod manifest]
[21Apr2025 23:39:07.860] [main/INFO] [net.neoforged.fml.loading.moddiscovery.ModDiscoverer/SCAN]: Found mod file "ferritecore-7.0.2-neoforge.jar" [locator: {mods folder locator at /workspaces/Mundo/servidor_minecraft/mods}, reader: mod manifest]
[21Apr2025 23:39:07.862] [main/INFO] [net.neoforged.fml.loading.moddiscovery.ModDiscoverer/SCAN]: Found mod file "forgified-fabric-api-0.107.0+2.0.26+1.21.1.jar" [locator: {mods folder locator at /workspaces/Mundo/servidor_minecraft/mods}, reader: mod manifest]
[21Apr2025 23:39:07.864] [main/INFO] [net.neoforged.fml.loading.moddiscovery.ModDiscoverer/SCAN]: Found mod file "fusion-1.2.7-neoforge-mc1.21.jar" [locator: {mods folder locator at /workspaces/Mundo/servidor_minecraft/mods}, reader: mod manifest]
[21Apr2025 23:39:07.869] [main/INFO] [net.neoforged.fml.loading.moddiscovery.ModDiscoverer/SCAN]: Found mod file "fzzy_config-0.6.9+1.21+neoforge.jar" [locator: {mods folder locator at /workspaces/Mundo/servidor_minecraft/mods}, reader: mod manifest]
[21Apr2025 23:39:07.871] [main/INFO] [net.neoforged.fml.loading.moddiscovery.ModDiscoverer/SCAN]: Found mod file "GatewaysToEternity-1.21.1-5.0.3.jar" [locator: {mods folder locator at /workspaces/Mundo/servidor_minecraft/mods}, reader: mod manifest]
[21Apr2025 23:39:07.875] [main/INFO] [net.neoforged.fml.loading.moddiscovery.ModDiscoverer/SCAN]: Found mod file "geckolib-neoforge-1.21.1-4.7.5.1.jar" [locator: {mods folder locator at /workspaces/Mundo/servidor_minecraft/mods}, reader: mod manifest]
[21Apr2025 23:39:07.878] [main/INFO] [net.neoforged.fml.loading.moddiscovery.ModDiscoverer/SCAN]: Found mod file "Highlighter-1.21-neoforge-1.1.11.jar" [locator: {mods folder locator at /workspaces/Mundo/servidor_minecraft/mods}, reader: mod manifest]
[21Apr2025 23:39:07.880] [main/INFO] [net.neoforged.fml.loading.moddiscovery.ModDiscoverer/SCAN]: Found mod file "Iceberg-1.21.1-neoforge-1.3.2.jar" [locator: {mods folder locator at /workspaces/Mundo/servidor_minecraft/mods}, reader: mod manifest]
[21Apr2025 23:39:07.883] [main/INFO] [net.neoforged.fml.loading.moddiscovery.ModDiscoverer/SCAN]: Found mod file "IllagerInvasion-v21.1.4-1.21.1-NeoForge.jar" [locator: {mods folder locator at /workspaces/Mundo/servidor_minecraft/mods}, reader: mod manifest]
[21Apr2025 23:39:07.886] [main/INFO] [net.neoforged.fml.loading.moddiscovery.ModDiscoverer/SCAN]: Found mod file "illagerwarship-1.0.0-neoforge-1.21.1.jar" [locator: {mods folder locator at /workspaces/Mundo/servidor_minecraft/mods}, reader: mod manifest]
[21Apr2025 23:39:07.888] [main/INFO] [net.neoforged.fml.loading.moddiscovery.ModDiscoverer/SCAN]: Found mod file "ImmediatelyFast-NeoForge-1.6.5+1.21.1.jar" [locator: {mods folder locator at /workspaces/Mundo/servidor_minecraft/mods}, reader: mod manifest]
[21Apr2025 23:39:07.893] [main/INFO] [net.neoforged.fml.loading.moddiscovery.ModDiscoverer/SCAN]: Found mod file "Incendium_1.21.x_v5.4.4.jar" [locator: {mods folder locator at /workspaces/Mundo/servidor_minecraft/mods}, reader: mod manifest]
[21Apr2025 23:39:07.896] [main/INFO] [net.neoforged.fml.loading.moddiscovery.ModDiscoverer/SCAN]: Found mod file "integratedcrafting-1.21.1-neoforge-1.1.16-300.jar" [locator: {mods folder locator at /workspaces/Mundo/servidor_minecraft/mods}, reader: mod manifest]
[21Apr2025 23:39:07.902] [main/INFO] [net.neoforged.fml.loading.moddiscovery.ModDiscoverer/SCAN]: Found mod file "integrateddynamics-1.21.1-neoforge-1.25.12.jar" [locator: {mods folder locator at /workspaces/Mundo/servidor_minecraft/mods}, reader: mod manifest]
[21Apr2025 23:39:07.914] [main/INFO] [net.neoforged.fml.loading.moddiscovery.ModDiscoverer/SCAN]: Found mod file "integratedscripting-1.21.1-neoforge-1.0.17.jar" [locator: {mods folder locator at /workspaces/Mundo/servidor_minecraft/mods}, reader: mod manifest]
[21Apr2025 23:39:07.917] [main/INFO] [net.neoforged.fml.loading.moddiscovery.ModDiscoverer/SCAN]: Found mod file "integratedterminals-1.21.1-neoforge-1.6.10.jar" [locator: {mods folder locator at /workspaces/Mundo/servidor_minecraft/mods}, reader: mod manifest]
[21Apr2025 23:39:07.920] [main/INFO] [net.neoforged.fml.loading.moddiscovery.ModDiscoverer/SCAN]: Found mod file "integratedtunnels-1.21.1-neoforge-1.8.37.jar" [locator: {mods folder locator at /workspaces/Mundo/servidor_minecraft/mods}, reader: mod manifest]
[21Apr2025 23:39:07.923] [main/INFO] [net.neoforged.fml.loading.moddiscovery.ModDiscoverer/SCAN]: Found mod file "Jade-1.21.1-NeoForge-15.10.0.jar" [locator: {mods folder locator at /workspaces/Mundo/servidor_minecraft/mods}, reader: mod manifest]
[21Apr2025 23:39:07.925] [main/INFO] [net.neoforged.fml.loading.moddiscovery.ModDiscoverer/SCAN]: Found mod file "jei-1.21.1-neoforge-19.21.0.247.jar" [locator: {mods folder locator at /workspaces/Mundo/servidor_minecraft/mods}, reader: mod manifest]
[21Apr2025 23:39:07.930] [main/INFO] [net.neoforged.fml.loading.moddiscovery.ModDiscoverer/SCAN]: Found mod file "justdirethings-1.5.5.jar" [locator: {mods folder locator at /workspaces/Mundo/servidor_minecraft/mods}, reader: mod manifest]
[21Apr2025 23:39:07.931] [main/INFO] [net.neoforged.fml.loading.moddiscovery.ModDiscoverer/SCAN]: Found mod file "justenoughbreeding-neoforge-1.21-1.21.1-1.5.0.jar" [locator: {mods folder locator at /workspaces/Mundo/servidor_minecraft/mods}, reader: mod manifest]
[21Apr2025 23:39:07.934] [main/INFO] [net.neoforged.fml.loading.moddiscovery.ModDiscoverer/SCAN]: Found library file "kotlinforforge-5.7.0-all.jar" [locator: {mods folder locator at /workspaces/Mundo/servidor_minecraft/mods}, reader: mod manifest]
[21Apr2025 23:39:07.939] [main/INFO] [net.neoforged.fml.loading.moddiscovery.ModDiscoverer/SCAN]: Found mod file "L_Ender's Cataclysm-2.65-1.21.1.jar" [locator: {mods folder locator at /workspaces/Mundo/servidor_minecraft/mods}, reader: mod manifest]
[21Apr2025 23:39:07.942] [main/INFO] [net.neoforged.fml.loading.moddiscovery.ModDiscoverer/SCAN]: Found mod file "LegendaryTooltips-1.21.1-neoforge-1.5.5.jar" [locator: {mods folder locator at /workspaces/Mundo/servidor_minecraft/mods}, reader: mod manifest]
[21Apr2025 23:39:07.945] [main/INFO] [net.neoforged.fml.loading.moddiscovery.ModDiscoverer/SCAN]: Found mod file "lionfishapi-2.6.jar" [locator: {mods folder locator at /workspaces/Mundo/servidor_minecraft/mods}, reader: mod manifest]
[21Apr2025 23:39:07.947] [main/INFO] [net.neoforged.fml.loading.moddiscovery.ModDiscoverer/SCAN]: Found mod file "lithium-neoforge-0.15.0+mc1.21.1.jar" [locator: {mods folder locator at /workspaces/Mundo/servidor_minecraft/mods}, reader: mod manifest]
[21Apr2025 23:39:07.949] [main/INFO] [net.neoforged.fml.loading.moddiscovery.ModDiscoverer/SCAN]: Found mod file "lithostitched-neoforge-1.21.1-1.4.5.jar" [locator: {mods folder locator at /workspaces/Mundo/servidor_minecraft/mods}, reader: mod manifest]
[21Apr2025 23:39:07.951] [main/INFO] [net.neoforged.fml.loading.moddiscovery.ModDiscoverer/SCAN]: Found mod file "LittleTiles_BETA_v1.6.0-pre161_mc1.21.1.jar" [locator: {mods folder locator at /workspaces/Mundo/servidor_minecraft/mods}, reader: mod manifest]
[21Apr2025 23:39:07.952] [main/INFO] [net.neoforged.fml.loading.moddiscovery.ModDiscoverer/SCAN]: Found mod file "lootintegration_wda-1.6.jar" [locator: {mods folder locator at /workspaces/Mundo/servidor_minecraft/mods}, reader: mod manifest]
[21Apr2025 23:39:07.954] [main/INFO] [net.neoforged.fml.loading.moddiscovery.ModDiscoverer/SCAN]: Found mod file "lootintegrations-1.21-4.3.jar" [locator: {mods folder locator at /workspaces/Mundo/servidor_minecraft/mods}, reader: mod manifest]
[21Apr2025 23:39:07.958] [main/INFO] [net.neoforged.fml.loading.moddiscovery.ModDiscoverer/SCAN]: Found mod file "lootintegrations_yungs-1.3.jar" [locator: {mods folder locator at /workspaces/Mundo/servidor_minecraft/mods}, reader: mod manifest]
[21Apr2025 23:39:07.959] [main/INFO] [net.neoforged.fml.loading.moddiscovery.ModDiscoverer/SCAN]: Found mod file "lootr-neoforge-1.21-1.10.35.91.jar" [locator: {mods folder locator at /workspaces/Mundo/servidor_minecraft/mods}, reader: mod manifest]
[21Apr2025 23:39:07.961] [main/INFO] [net.neoforged.fml.loading.moddiscovery.ModDiscoverer/SCAN]: Found mod file "MagnumTorch-v21.1.0-1.21.1-NeoForge.jar" [locator: {mods folder locator at /workspaces/Mundo/servidor_minecraft/mods}, reader: mod manifest]
[21Apr2025 23:39:07.967] [main/INFO] [net.neoforged.fml.loading.moddiscovery.ModDiscoverer/SCAN]: Found mod file "Mekanism-1.21.1-10.7.13.78.jar" [locator: {mods folder locator at /workspaces/Mundo/servidor_minecraft/mods}, reader: mod manifest]
[21Apr2025 23:39:07.970] [main/INFO] [net.neoforged.fml.loading.moddiscovery.ModDiscoverer/SCAN]: Found mod file "MekanismAdditions-1.21.1-10.7.13.78.jar" [locator: {mods folder locator at /workspaces/Mundo/servidor_minecraft/mods}, reader: mod manifest]
[21Apr2025 23:39:07.971] [main/INFO] [net.neoforged.fml.loading.moddiscovery.ModDiscoverer/SCAN]: Found mod file "MekanismGenerators-1.21.1-10.7.13.78.jar" [locator: {mods folder locator at /workspaces/Mundo/servidor_minecraft/mods}, reader: mod manifest]
[21Apr2025 23:39:07.973] [main/INFO] [net.neoforged.fml.loading.moddiscovery.ModDiscoverer/SCAN]: Found mod file "MekanismTools-1.21.1-10.7.13.78.jar" [locator: {mods folder locator at /workspaces/Mundo/servidor_minecraft/mods}, reader: mod manifest]
[21Apr2025 23:39:07.975] [main/INFO] [net.neoforged.fml.loading.moddiscovery.ModDiscoverer/SCAN]: Found mod file "mes-1.3.5-1.21.jar" [locator: {mods folder locator at /workspaces/Mundo/servidor_minecraft/mods}, reader: mod manifest]
[21Apr2025 23:39:07.980] [main/INFO] [net.neoforged.fml.loading.moddiscovery.ModDiscoverer/SCAN]: Found mod file "mns-1.0.8-1.21.jar" [locator: {mods folder locator at /workspaces/Mundo/servidor_minecraft/mods}, reader: mod manifest]
[21Apr2025 23:39:07.982] [main/INFO] [net.neoforged.fml.loading.moddiscovery.ModDiscoverer/SCAN]: Found mod file "mob_grinding_utils-1.1.7+mc1.21.1.jar" [locator: {mods folder locator at /workspaces/Mundo/servidor_minecraft/mods}, reader: mod manifest]
[21Apr2025 23:39:07.984] [main/INFO] [net.neoforged.fml.loading.moddiscovery.ModDiscoverer/SCAN]: Found mod file "modernfix-neoforge-5.21.0+mc1.21.1.jar" [locator: {mods folder locator at /workspaces/Mundo/servidor_minecraft/mods}, reader: mod manifest]
[21Apr2025 23:39:07.989] [main/INFO] [net.neoforged.fml.loading.moddiscovery.ModDiscoverer/SCAN]: Found mod file "MouseTweaks-neoforge-mc1.21-2.26.1.jar" [locator: {mods folder locator at /workspaces/Mundo/servidor_minecraft/mods}, reader: mod manifest]
[21Apr2025 23:39:07.990] [main/INFO] [net.neoforged.fml.loading.moddiscovery.ModDiscoverer/SCAN]: Found mod file "mss-1.2.8-1.21.jar" [locator: {mods folder locator at /workspaces/Mundo/servidor_minecraft/mods}, reader: mod manifest]
[21Apr2025 23:39:07.992] [main/INFO] [net.neoforged.fml.loading.moddiscovery.ModDiscoverer/SCAN]: Found mod file "mvs-4.3.0-1.21.jar" [locator: {mods folder locator at /workspaces/Mundo/servidor_minecraft/mods}, reader: mod manifest]
[21Apr2025 23:39:07.993] [main/INFO] [net.neoforged.fml.loading.moddiscovery.ModDiscoverer/SCAN]: Found mod file "NaturesCompass-1.21.1-3.0.3-neoforge.jar" [locator: {mods folder locator at /workspaces/Mundo/servidor_minecraft/mods}, reader: mod manifest]
[21Apr2025 23:39:07.995] [main/INFO] [net.neoforged.fml.loading.moddiscovery.ModDiscoverer/SCAN]: Found mod file "noisium-neoforge-2.3.0+mc1.21-1.21.1.jar" [locator: {mods folder locator at /workspaces/Mundo/servidor_minecraft/mods}, reader: mod manifest]
[21Apr2025 23:39:07.997] [main/INFO] [net.neoforged.fml.loading.moddiscovery.ModDiscoverer/SCAN]: Found mod file "not_enough_glyphs-1.21.1-4.1.1.jar" [locator: {mods folder locator at /workspaces/Mundo/servidor_minecraft/mods}, reader: mod manifest]
[21Apr2025 23:39:07.998] [main/INFO] [net.neoforged.fml.loading.moddiscovery.ModDiscoverer/SCAN]: Found mod file "Nullscape_1.21.x_v1.2.11.jar" [locator: {mods folder locator at /workspaces/Mundo/servidor_minecraft/mods}, reader: mod manifest]
[21Apr2025 23:39:08.000] [main/INFO] [net.neoforged.fml.loading.moddiscovery.ModDiscoverer/SCAN]: Found mod file "OctoLib-NEOFORGE-0.5.0.1.jar" [locator: {mods folder locator at /workspaces/Mundo/servidor_minecraft/mods}, reader: mod manifest]
[21Apr2025 23:39:08.006] [main/INFO] [net.neoforged.fml.loading.moddiscovery.ModDiscoverer/SCAN]: Found mod file "Oh-The-Biomes-Weve-Gone-NeoForge-2.3.13.jar" [locator: {mods folder locator at /workspaces/Mundo/servidor_minecraft/mods}, reader: mod manifest]
[21Apr2025 23:39:08.007] [main/INFO] [net.neoforged.fml.loading.moddiscovery.ModDiscoverer/SCAN]: Found mod file "Oh-The-Trees-Youll-Grow-neoforge-1.21.1-5.0.10.jar" [locator: {mods folder locator at /workspaces/Mundo/servidor_minecraft/mods}, reader: mod manifest]
[21Apr2025 23:39:08.010] [main/INFO] [net.neoforged.fml.loading.moddiscovery.ModDiscoverer/SCAN]: Found mod file "oritech-neoforge-0.14.5.jar" [locator: {mods folder locator at /workspaces/Mundo/servidor_minecraft/mods}, reader: mod manifest]
[21Apr2025 23:39:08.012] [main/INFO] [net.neoforged.fml.loading.moddiscovery.ModDiscoverer/SCAN]: Found mod file "owo-lib-neoforge-0.12.15.1-beta.3+1.21.jar" [locator: {mods folder locator at /workspaces/Mundo/servidor_minecraft/mods}, reader: mod manifest]
[21Apr2025 23:39:08.014] [main/INFO] [net.neoforged.fml.loading.moddiscovery.ModDiscoverer/SCAN]: Found mod file "Patchouli-1.21-88-NEOFORGE.jar" [locator: {mods folder locator at /workspaces/Mundo/servidor_minecraft/mods}, reader: mod manifest]
[21Apr2025 23:39:08.015] [main/INFO] [net.neoforged.fml.loading.moddiscovery.ModDiscoverer/SCAN]: Found mod file "PickUpNotifier-v21.1.1-1.21.1-NeoForge.jar" [locator: {mods folder locator at /workspaces/Mundo/servidor_minecraft/mods}, reader: mod manifest]
[21Apr2025 23:39:08.016] [main/INFO] [net.neoforged.fml.loading.moddiscovery.ModDiscoverer/SCAN]: Found mod file "Placebo-1.21.1-9.8.0.jar" [locator: {mods folder locator at /workspaces/Mundo/servidor_minecraft/mods}, reader: mod manifest]
[21Apr2025 23:39:08.018] [main/INFO] [net.neoforged.fml.loading.moddiscovery.ModDiscoverer/SCAN]: Found mod file "polylib-2100.0.3-build.172-neoforge.jar" [locator: {mods folder locator at /workspaces/Mundo/servidor_minecraft/mods}, reader: mod manifest]
[21Apr2025 23:39:08.019] [main/INFO] [net.neoforged.fml.loading.moddiscovery.ModDiscoverer/SCAN]: Found mod file "portablemobs-1.2.1-neoforge-mc1.21.jar" [locator: {mods folder locator at /workspaces/Mundo/servidor_minecraft/mods}, reader: mod manifest]
[21Apr2025 23:39:08.021] [main/INFO] [net.neoforged.fml.loading.moddiscovery.ModDiscoverer/SCAN]: Found mod file "potentials-neoforge-1.21-0.6.2.jar" [locator: {mods folder locator at /workspaces/Mundo/servidor_minecraft/mods}, reader: mod manifest]
[21Apr2025 23:39:08.022] [main/INFO] [net.neoforged.fml.loading.moddiscovery.ModDiscoverer/SCAN]: Found mod file "Prism-1.21.1-neoforge-1.0.11.jar" [locator: {mods folder locator at /workspaces/Mundo/servidor_minecraft/mods}, reader: mod manifest]
[21Apr2025 23:39:08.024] [main/INFO] [net.neoforged.fml.loading.moddiscovery.ModDiscoverer/SCAN]: Found mod file "PuzzlesLib-v21.1.33-1.21.1-NeoForge.jar" [locator: {mods folder locator at /workspaces/Mundo/servidor_minecraft/mods}, reader: mod manifest]
[21Apr2025 23:39:08.029] [main/INFO] [net.neoforged.fml.loading.moddiscovery.ModDiscoverer/SCAN]: Found mod file "rechiseled-1.1.6a-neoforge-mc1.21.jar" [locator: {mods folder locator at /workspaces/Mundo/servidor_minecraft/mods}, reader: mod manifest]
[21Apr2025 23:39:08.030] [main/INFO] [net.neoforged.fml.loading.moddiscovery.ModDiscoverer/SCAN]: Found mod file "rechiseled_chipped-1.3-1.21.1.jar" [locator: {mods folder locator at /workspaces/Mundo/servidor_minecraft/mods}, reader: mod manifest]
[21Apr2025 23:39:08.032] [main/INFO] [net.neoforged.fml.loading.moddiscovery.ModDiscoverer/SCAN]: Found mod file "recipeessentials-1.21-4.0.jar" [locator: {mods folder locator at /workspaces/Mundo/servidor_minecraft/mods}, reader: mod manifest]
[21Apr2025 23:39:08.034] [main/INFO] [net.neoforged.fml.loading.moddiscovery.ModDiscoverer/SCAN]: Found mod file "reeses-sodium-options-neoforge-1.8.3+mc1.21.4.jar" [locator: {mods folder locator at /workspaces/Mundo/servidor_minecraft/mods}, reader: mod manifest]
[21Apr2025 23:39:08.036] [main/INFO] [net.neoforged.fml.loading.moddiscovery.ModDiscoverer/SCAN]: Found mod file "relics-1.21.1-0.10.7.4.jar" [locator: {mods folder locator at /workspaces/Mundo/servidor_minecraft/mods}, reader: mod manifest]
[21Apr2025 23:39:08.038] [main/INFO] [net.neoforged.fml.loading.moddiscovery.ModDiscoverer/SCAN]: Found mod file "reliquified_ars_nouveau-1.21.1-0.6.jar" [locator: {mods folder locator at /workspaces/Mundo/servidor_minecraft/mods}, reader: mod manifest]
[21Apr2025 23:39:08.040] [main/INFO] [net.neoforged.fml.loading.moddiscovery.ModDiscoverer/SCAN]: Found mod file "resource_nether_ores-neoforge-1.21.1-2.1.0.jar" [locator: {mods folder locator at /workspaces/Mundo/servidor_minecraft/mods}, reader: mod manifest]
[21Apr2025 23:39:08.042] [main/INFO] [net.neoforged.fml.loading.moddiscovery.ModDiscoverer/SCAN]: Found mod file "resourcefullib-neoforge-1.21-3.0.12.jar" [locator: {mods folder locator at /workspaces/Mundo/servidor_minecraft/mods}, reader: mod manifest]
[21Apr2025 23:39:08.043] [main/INFO] [net.neoforged.fml.loading.moddiscovery.ModDiscoverer/SCAN]: Found mod file "resourcelibrary-neoforge-1.21.1-2.5.0.jar" [locator: {mods folder locator at /workspaces/Mundo/servidor_minecraft/mods}, reader: mod manifest]
[21Apr2025 23:39:08.045] [main/INFO] [net.neoforged.fml.loading.moddiscovery.ModDiscoverer/SCAN]: Found mod file "shrink-2.0.1.47-neoforge.jar" [locator: {mods folder locator at /workspaces/Mundo/servidor_minecraft/mods}, reader: mod manifest]
[21Apr2025 23:39:08.046] [main/INFO] [net.neoforged.fml.loading.moddiscovery.ModDiscoverer/SCAN]: Found mod file "SkyVillages-1.0.6-1.21.x-neoforge-release.jar" [locator: {mods folder locator at /workspaces/Mundo/servidor_minecraft/mods}, reader: mod manifest]
[21Apr2025 23:39:08.048] [main/INFO] [net.neoforged.fml.loading.moddiscovery.ModDiscoverer/SCAN]: Found mod file "smoothchunk-1.21-4.1.jar" [locator: {mods folder locator at /workspaces/Mundo/servidor_minecraft/mods}, reader: mod manifest]
[21Apr2025 23:39:08.050] [main/INFO] [net.neoforged.fml.loading.moddiscovery.ModDiscoverer/SCAN]: Found mod file "sodium-neoforge-0.6.13+mc1.21.1.jar" [locator: {mods folder locator at /workspaces/Mundo/servidor_minecraft/mods}, reader: mod manifest]
[21Apr2025 23:39:08.051] [main/INFO] [net.neoforged.fml.loading.moddiscovery.ModDiscoverer/SCAN]: Found mod file "sodiumdynamiclights-neoforge-1.0.10-1.21.1.jar" [locator: {mods folder locator at /workspaces/Mundo/servidor_minecraft/mods}, reader: mod manifest]
[21Apr2025 23:39:08.052] [main/INFO] [net.neoforged.fml.loading.moddiscovery.ModDiscoverer/SCAN]: Found mod file "sodiumoptionsapi-neoforge-1.0.10-1.21.1.jar" [locator: {mods folder locator at /workspaces/Mundo/servidor_minecraft/mods}, reader: mod manifest]
[21Apr2025 23:39:08.054] [main/INFO] [net.neoforged.fml.loading.moddiscovery.ModDiscoverer/SCAN]: Found mod file "solcarrot-1.21.1-1.16.5.jar" [locator: {mods folder locator at /workspaces/Mundo/servidor_minecraft/mods}, reader: mod manifest]
[21Apr2025 23:39:08.056] [main/INFO] [net.neoforged.fml.loading.moddiscovery.ModDiscoverer/SCAN]: Found mod file "sophisticatedbackpacks-1.21.1-3.24.9.1228.jar" [locator: {mods folder locator at /workspaces/Mundo/servidor_minecraft/mods}, reader: mod manifest]
[21Apr2025 23:39:08.058] [main/INFO] [net.neoforged.fml.loading.moddiscovery.ModDiscoverer/SCAN]: Found mod file "sophisticatedcore-1.21.1-1.3.29.955.jar" [locator: {mods folder locator at /workspaces/Mundo/servidor_minecraft/mods}, reader: mod manifest]
[21Apr2025 23:39:08.060] [main/INFO] [net.neoforged.fml.loading.moddiscovery.ModDiscoverer/SCAN]: Found mod file "sophisticatedstorage-1.21.1-1.4.23.1126.jar" [locator: {mods folder locator at /workspaces/Mundo/servidor_minecraft/mods}, reader: mod manifest]
[21Apr2025 23:39:08.063] [main/INFO] [net.neoforged.fml.loading.moddiscovery.ModDiscoverer/SCAN]: Found mod file "stellaris-1.21-neoforge-1.3.11.jar" [locator: {mods folder locator at /workspaces/Mundo/servidor_minecraft/mods}, reader: mod manifest]
[21Apr2025 23:39:08.065] [main/INFO] [net.neoforged.fml.loading.moddiscovery.ModDiscoverer/SCAN]: Found mod file "Structory_1.21.x_v1.3.10.jar" [locator: {mods folder locator at /workspaces/Mundo/servidor_minecraft/mods}, reader: mod manifest]
[21Apr2025 23:39:08.067] [main/INFO] [net.neoforged.fml.loading.moddiscovery.ModDiscoverer/SCAN]: Found mod file "Structory_Towers_1.21.x_v1.0.11.jar" [locator: {mods folder locator at /workspaces/Mundo/servidor_minecraft/mods}, reader: mod manifest]
[21Apr2025 23:39:08.068] [main/INFO] [net.neoforged.fml.loading.moddiscovery.ModDiscoverer/SCAN]: Found mod file "structureessentials-1.21.1-4.7.jar" [locator: {mods folder locator at /workspaces/Mundo/servidor_minecraft/mods}, reader: mod manifest]
[21Apr2025 23:39:08.070] [main/INFO] [net.neoforged.fml.loading.moddiscovery.ModDiscoverer/SCAN]: Found mod file "supermartijn642configlib-1.1.8-neoforge-mc1.21.jar" [locator: {mods folder locator at /workspaces/Mundo/servidor_minecraft/mods}, reader: mod manifest]
[21Apr2025 23:39:08.072] [main/INFO] [net.neoforged.fml.loading.moddiscovery.ModDiscoverer/SCAN]: Found mod file "supermartijn642corelib-1.1.18a-neoforge-mc1.21.jar" [locator: {mods folder locator at /workspaces/Mundo/servidor_minecraft/mods}, reader: mod manifest]
[21Apr2025 23:39:08.073] [main/INFO] [net.neoforged.fml.loading.moddiscovery.ModDiscoverer/SCAN]: Found mod file "tectonic-3.0.0+beta2.jar" [locator: {mods folder locator at /workspaces/Mundo/servidor_minecraft/mods}, reader: mod manifest]
[21Apr2025 23:39:08.075] [main/INFO] [net.neoforged.fml.loading.moddiscovery.ModDiscoverer/SCAN]: Found mod file "TerraBlender-neoforge-1.21.1-4.1.0.8.jar" [locator: {mods folder locator at /workspaces/Mundo/servidor_minecraft/mods}, reader: mod manifest]
[21Apr2025 23:39:08.077] [main/INFO] [net.neoforged.fml.loading.moddiscovery.ModDiscoverer/SCAN]: Found mod file "Terralith_1.21.x_v2.5.8.jar" [locator: {mods folder locator at /workspaces/Mundo/servidor_minecraft/mods}, reader: mod manifest]
[21Apr2025 23:39:08.083] [main/INFO] [net.neoforged.fml.loading.moddiscovery.ModDiscoverer/SCAN]: Found mod file "the_bumblezone-7.8.12+1.21.1-neoforge.jar" [locator: {mods folder locator at /workspaces/Mundo/servidor_minecraft/mods}, reader: mod manifest]
[21Apr2025 23:39:08.086] [main/INFO] [net.neoforged.fml.loading.moddiscovery.ModDiscoverer/SCAN]: Found mod file "The_Undergarden-1.21.1-0.8.22.jar" [locator: {mods folder locator at /workspaces/Mundo/servidor_minecraft/mods}, reader: mod manifest]
[21Apr2025 23:39:08.090] [main/INFO] [net.neoforged.fml.loading.moddiscovery.ModDiscoverer/SCAN]: Found mod file "tombstone-neoforge-1.21.1-9.2.9.jar" [locator: {mods folder locator at /workspaces/Mundo/servidor_minecraft/mods}, reader: mod manifest]
[21Apr2025 23:39:08.091] [main/INFO] [net.neoforged.fml.loading.moddiscovery.ModDiscoverer/SCAN]: Found mod file "TravelersTitles-1.21.1-NeoForge-5.1.3.jar" [locator: {mods folder locator at /workspaces/Mundo/servidor_minecraft/mods}, reader: mod manifest]
[21Apr2025 23:39:08.097] [main/INFO] [net.neoforged.fml.loading.moddiscovery.ModDiscoverer/SCAN]: Found mod file "twilightforest-1.21.1-4.7.3094-universal.jar" [locator: {mods folder locator at /workspaces/Mundo/servidor_minecraft/mods}, reader: mod manifest]
[21Apr2025 23:39:08.100] [main/INFO] [net.neoforged.fml.loading.moddiscovery.ModDiscoverer/SCAN]: Found mod file "txnilib-neoforge-1.0.23-1.21.1.jar" [locator: {mods folder locator at /workspaces/Mundo/servidor_minecraft/mods}, reader: mod manifest]
[21Apr2025 23:39:08.103] [main/INFO] [net.neoforged.fml.loading.moddiscovery.ModDiscoverer/SCAN]: Found mod file "waystones-neoforge-1.21.1-21.1.15.jar" [locator: {mods folder locator at /workspaces/Mundo/servidor_minecraft/mods}, reader: mod manifest]
[21Apr2025 23:39:08.105] [main/INFO] [net.neoforged.fml.loading.moddiscovery.ModDiscoverer/SCAN]: Found mod file "Xaeros_Minimap_25.2.0_NeoForge_1.21.jar" [locator: {mods folder locator at /workspaces/Mundo/servidor_minecraft/mods}, reader: mod manifest]
[21Apr2025 23:39:08.106] [main/INFO] [net.neoforged.fml.loading.moddiscovery.ModDiscoverer/SCAN]: Found mod file "XaerosWorldMap_1.39.4_NeoForge_1.21.jar" [locator: {mods folder locator at /workspaces/Mundo/servidor_minecraft/mods}, reader: mod manifest]
[21Apr2025 23:39:08.108] [main/INFO] [net.neoforged.fml.loading.moddiscovery.ModDiscoverer/SCAN]: Found mod file "yet_another_config_lib_v3-3.6.6+1.21.1-neoforge.jar" [locator: {mods folder locator at /workspaces/Mundo/servidor_minecraft/mods}, reader: mod manifest]
[21Apr2025 23:39:08.109] [main/INFO] [net.neoforged.fml.loading.moddiscovery.ModDiscoverer/SCAN]: Found mod file "YungsApi-1.21.1-NeoForge-5.1.4.jar" [locator: {mods folder locator at /workspaces/Mundo/servidor_minecraft/mods}, reader: mod manifest]
[21Apr2025 23:39:08.111] [main/INFO] [net.neoforged.fml.loading.moddiscovery.ModDiscoverer/SCAN]: Found mod file "YungsBetterDesertTemples-1.21.1-NeoForge-4.1.5.jar" [locator: {mods folder locator at /workspaces/Mundo/servidor_minecraft/mods}, reader: mod manifest]
[21Apr2025 23:39:08.113] [main/INFO] [net.neoforged.fml.loading.moddiscovery.ModDiscoverer/SCAN]: Found mod file "YungsBetterDungeons-1.21.1-NeoForge-5.1.4.jar" [locator: {mods folder locator at /workspaces/Mundo/servidor_minecraft/mods}, reader: mod manifest]
[21Apr2025 23:39:08.115] [main/INFO] [net.neoforged.fml.loading.moddiscovery.ModDiscoverer/SCAN]: Found mod file "YungsBetterEndIsland-1.21.1-NeoForge-3.1.2.jar" [locator: {mods folder locator at /workspaces/Mundo/servidor_minecraft/mods}, reader: mod manifest]
[21Apr2025 23:39:08.116] [main/INFO] [net.neoforged.fml.loading.moddiscovery.ModDiscoverer/SCAN]: Found mod file "YungsBetterJungleTemples-1.21.1-NeoForge-3.1.2.jar" [locator: {mods folder locator at /workspaces/Mundo/servidor_minecraft/mods}, reader: mod manifest]
[21Apr2025 23:39:08.118] [main/INFO] [net.neoforged.fml.loading.moddiscovery.ModDiscoverer/SCAN]: Found mod file "YungsBetterMineshafts-1.21.1-NeoForge-5.1.1.jar" [locator: {mods folder locator at /workspaces/Mundo/servidor_minecraft/mods}, reader: mod manifest]
[21Apr2025 23:39:08.119] [main/INFO] [net.neoforged.fml.loading.moddiscovery.ModDiscoverer/SCAN]: Found mod file "YungsBetterNetherFortresses-1.21.1-NeoForge-3.1.4.jar" [locator: {mods folder locator at /workspaces/Mundo/servidor_minecraft/mods}, reader: mod manifest]
[21Apr2025 23:39:08.120] [main/INFO] [net.neoforged.fml.loading.moddiscovery.ModDiscoverer/SCAN]: Found mod file "YungsBetterOceanMonuments-1.21.1-NeoForge-4.1.2.jar" [locator: {mods folder locator at /workspaces/Mundo/servidor_minecraft/mods}, reader: mod manifest]
[21Apr2025 23:39:08.121] [main/INFO] [net.neoforged.fml.loading.moddiscovery.ModDiscoverer/SCAN]: Found mod file "YungsBetterStrongholds-1.21.1-NeoForge-5.1.3.jar" [locator: {mods folder locator at /workspaces/Mundo/servidor_minecraft/mods}, reader: mod manifest]
[21Apr2025 23:39:08.123] [main/INFO] [net.neoforged.fml.loading.moddiscovery.ModDiscoverer/SCAN]: Found mod file "YungsBetterWitchHuts-1.21.1-NeoForge-4.1.1.jar" [locator: {mods folder locator at /workspaces/Mundo/servidor_minecraft/mods}, reader: mod manifest]
[21Apr2025 23:39:08.125] [main/INFO] [net.neoforged.fml.loading.moddiscovery.ModDiscoverer/SCAN]: Found mod file "YungsBridges-1.21.1-NeoForge-5.1.1.jar" [locator: {mods folder locator at /workspaces/Mundo/servidor_minecraft/mods}, reader: mod manifest]
[21Apr2025 23:39:08.128] [main/INFO] [net.neoforged.fml.loading.moddiscovery.ModDiscoverer/SCAN]: Found mod file "YungsExtras-1.21.1-NeoForge-5.1.1.jar" [locator: {mods folder locator at /workspaces/Mundo/servidor_minecraft/mods}, reader: mod manifest]
[21Apr2025 23:39:08.129] [main/INFO] [net.neoforged.fml.loading.moddiscovery.ModDiscoverer/SCAN]: Found mod file "YungsMenuTweaks-1.21.1-NeoForge-2.1.2.jar" [locator: {mods folder locator at /workspaces/Mundo/servidor_minecraft/mods}, reader: mod manifest]
[21Apr2025 23:39:09.109] [main/WARN] [net.neoforged.jarjar.selection.JarSelector/]: Attempted to select a dependency jar for JarJar which was passed in as source: fabric_api. Using Mod File: /workspaces/Mundo/servidor_minecraft/mods/forgified-fabric-api-0.107.0+2.0.26+1.21.1.jar
[21Apr2025 23:39:09.109] [main/WARN] [net.neoforged.jarjar.selection.JarSelector/]: Attempted to select a dependency jar for JarJar which was passed in as source: athena. Using Mod File: /workspaces/Mundo/servidor_minecraft/mods/athena-neoforge-1.21-4.0.1.jar
[21Apr2025 23:39:09.109] [main/WARN] [net.neoforged.jarjar.selection.JarSelector/]: Attempted to select a dependency jar for JarJar which was passed in as source: resourcefullib. Using Mod File: /workspaces/Mundo/servidor_minecraft/mods/resourcefullib-neoforge-1.21-3.0.12.jar
[21Apr2025 23:39:09.109] [main/INFO] [net.neoforged.fml.loading.moddiscovery.locators.JarInJarDependencyLocator/]: Found 89 dependencies adding them to mods collection
[21Apr2025 23:39:09.110] [main/INFO] [net.neoforged.fml.loading.moddiscovery.ModDiscoverer/SCAN]: Found mod file "fabric-transfer-api-v1-5.4.1+628bf5e919.jar" [parent: forgified-fabric-api-0.107.0+2.0.26+1.21.1.jar, locator: jarinjar, reader: mod manifest]
[21Apr2025 23:39:09.110] [main/INFO] [net.neoforged.fml.loading.moddiscovery.ModDiscoverer/SCAN]: Found mod file "sky-aesthetics-neoforge-1.21-1.6.1.jar" [parent: stellaris-1.21-neoforge-1.3.11.jar, locator: jarinjar, reader: mod manifest]
[21Apr2025 23:39:09.110] [main/INFO] [net.neoforged.fml.loading.moddiscovery.ModDiscoverer/SCAN]: Found mod file "kuma-api-neoforge-21.0.5+1.21.jar" [parent: balm-neoforge-1.21.1-21.0.40.jar, locator: jarinjar, reader: mod manifest]
[21Apr2025 23:39:09.110] [main/INFO] [net.neoforged.fml.loading.moddiscovery.ModDiscoverer/SCAN]: Found library file "kfflang-5.7.0.jar" [parent: kotlinforforge-5.7.0-all.jar, locator: jarinjar, reader: mod manifest]
[21Apr2025 23:39:09.110] [main/INFO] [net.neoforged.fml.loading.moddiscovery.ModDiscoverer/SCAN]: Found mod file "fabric-renderer-api-v1-3.4.0+9c40919e19.jar" [parent: sodium-neoforge-0.6.13+mc1.21.1.jar, locator: jarinjar, reader: mod manifest]
[21Apr2025 23:39:09.110] [main/INFO] [net.neoforged.fml.loading.moddiscovery.ModDiscoverer/SCAN]: Found mod file "AdditionalEntityAttributes-2.0.0+1.21.1-neoforge.jar" [parent: allthearcanistgear-1.21.1-21.3.0.jar, locator: jarinjar, reader: mod manifest]
[21Apr2025 23:39:09.110] [main/INFO] [net.neoforged.fml.loading.moddiscovery.ModDiscoverer/SCAN]: Found library file "jankson-0.1.5.jar" [parent: owo-lib-neoforge-0.12.15.1-beta.3+1.21.jar, locator: jarinjar]
[21Apr2025 23:39:09.110] [main/INFO] [net.neoforged.fml.loading.moddiscovery.ModDiscoverer/SCAN]: Found mod file "fabric-item-api-v1-11.1.1+57cdfa8219.jar" [parent: forgified-fabric-api-0.107.0+2.0.26+1.21.1.jar, locator: jarinjar, reader: mod manifest]
[21Apr2025 23:39:09.110] [main/INFO] [net.neoforged.fml.loading.moddiscovery.ModDiscoverer/SCAN]: Found library file "neoforge-coremods-21.1.145.jar" [parent: neoforge-21.1.145-universal.jar, locator: jarinjar, reader: mod manifest]
[21Apr2025 23:39:09.110] [main/INFO] [net.neoforged.fml.loading.moddiscovery.ModDiscoverer/SCAN]: Found mod file "fabric-model-loading-api-v1-2.0.0+986ae77219.jar" [parent: forgified-fabric-api-0.107.0+2.0.26+1.21.1.jar, locator: jarinjar, reader: mod manifest]
[21Apr2025 23:39:09.110] [main/INFO] [net.neoforged.fml.loading.moddiscovery.ModDiscoverer/SCAN]: Found mod file "fabric-rendering-fluids-v1-3.1.6+857185bc19.jar" [parent: forgified-fabric-api-0.107.0+2.0.26+1.21.1.jar, locator: jarinjar, reader: mod manifest]
[21Apr2025 23:39:09.110] [main/INFO] [net.neoforged.fml.loading.moddiscovery.ModDiscoverer/SCAN]: Found mod file "fabric-screen-handler-api-v1-1.3.87+8dbc56dd19.jar" [parent: forgified-fabric-api-0.107.0+2.0.26+1.21.1.jar, locator: jarinjar, reader: mod manifest]
[21Apr2025 23:39:09.111] [main/INFO] [net.neoforged.fml.loading.moddiscovery.ModDiscoverer/SCAN]: Found mod file "fabric-resource-loader-v0-1.3.1+4ea8954419.jar" [parent: forgified-fabric-api-0.107.0+2.0.26+1.21.1.jar, locator: jarinjar, reader: mod manifest]
[21Apr2025 23:39:09.111] [main/INFO] [net.neoforged.fml.loading.moddiscovery.ModDiscoverer/SCAN]: Found mod file "fabric-rendering-v1-5.0.5+077ba95f19.jar" [parent: forgified-fabric-api-0.107.0+2.0.26+1.21.1.jar, locator: jarinjar, reader: mod manifest]
[21Apr2025 23:39:09.111] [main/INFO] [net.neoforged.fml.loading.moddiscovery.ModDiscoverer/SCAN]: Found mod file "fabric-renderer-indigo-1.7.0+acb05a3919.jar" [parent: forgified-fabric-api-0.107.0+2.0.25+1.21.1.jar, locator: jarinjar, reader: mod manifest]
[21Apr2025 23:39:09.111] [main/INFO] [net.neoforged.fml.loading.moddiscovery.ModDiscoverer/SCAN]: Found mod file "fabric-convention-tags-v1-2.1.1+7f945d5b19.jar" [parent: forgified-fabric-api-0.107.0+2.0.26+1.21.1.jar, locator: jarinjar, reader: mod manifest]
[21Apr2025 23:39:09.111] [main/INFO] [net.neoforged.fml.loading.moddiscovery.ModDiscoverer/SCAN]: Found library file "netty-0.1.4.jar" [parent: oritech-neoforge-0.14.5.jar, locator: jarinjar]
[21Apr2025 23:39:09.111] [main/INFO] [net.neoforged.fml.loading.moddiscovery.ModDiscoverer/SCAN]: Found library file "kotlinx-coroutines-core-jvm-1.9.0.jar" [parent: kotlinforforge-5.7.0-all.jar, locator: jarinjar]
[21Apr2025 23:39:09.111] [main/INFO] [net.neoforged.fml.loading.moddiscovery.ModDiscoverer/SCAN]: Found library file "endec-0.1.8.jar" [parent: owo-lib-neoforge-0.12.15.1-beta.3+1.21.jar, locator: jarinjar]
[21Apr2025 23:39:09.111] [main/INFO] [net.neoforged.fml.loading.moddiscovery.ModDiscoverer/SCAN]: Found mod file "fabric-command-api-v2-2.2.28+36d727be19.jar" [parent: forgified-fabric-api-0.107.0+2.0.26+1.21.1.jar, locator: jarinjar, reader: mod manifest]
[21Apr2025 23:39:09.111] [main/INFO] [net.neoforged.fml.loading.moddiscovery.ModDiscoverer/SCAN]: Found mod file "fabric-convention-tags-v2-2.9.1+231468e519.jar" [parent: forgified-fabric-api-0.107.0+2.0.26+1.21.1.jar, locator: jarinjar, reader: mod manifest]
[21Apr2025 23:39:09.111] [main/INFO] [net.neoforged.fml.loading.moddiscovery.ModDiscoverer/SCAN]: Found mod file "fabric-block-view-api-v2-1.0.10+9afaaf8c19.jar" [parent: sodium-neoforge-0.6.13+mc1.21.1.jar, locator: jarinjar, reader: mod manifest]
[21Apr2025 23:39:09.111] [main/INFO] [net.neoforged.fml.loading.moddiscovery.ModDiscoverer/SCAN]: Found library file "yabn-1.0.3.jar" [parent: resourcefullib-neoforge-1.21-3.0.11.jar, locator: jarinjar]
[21Apr2025 23:39:09.111] [main/INFO] [net.neoforged.fml.loading.moddiscovery.ModDiscoverer/SCAN]: Found mod file "fabric-data-attachment-api-v1-1.2.0+7330bc1b19.jar" [parent: forgified-fabric-api-0.107.0+2.0.26+1.21.1.jar, locator: jarinjar, reader: mod manifest]
[21Apr2025 23:39:09.111] [main/INFO] [net.neoforged.fml.loading.moddiscovery.ModDiscoverer/SCAN]: Found library file "jctools-core-4.0.5.jar" [parent: farsight-1.21-3.8.jar, locator: jarinjar]
[21Apr2025 23:39:09.112] [main/INFO] [net.neoforged.fml.loading.moddiscovery.ModDiscoverer/SCAN]: Found library file "net.caffeinemc.sodium-neoforge-0.6.13+mc1.21.1-service.jar" [parent: sodium-neoforge-0.6.13+mc1.21.1.jar, locator: jarinjar, reader: mod manifest]
[21Apr2025 23:39:09.112] [main/INFO] [net.neoforged.fml.loading.moddiscovery.ModDiscoverer/SCAN]: Found library file "kotlinx-coroutines-jdk8-1.9.0.jar" [parent: kotlinforforge-5.7.0-all.jar, locator: jarinjar]
[21Apr2025 23:39:09.112] [main/INFO] [net.neoforged.fml.loading.moddiscovery.ModDiscoverer/SCAN]: Found gamelibrary file "kfflib-5.7.0.jar" [parent: kotlinforforge-5.7.0-all.jar, locator: jarinjar, reader: mod manifest]
[21Apr2025 23:39:09.112] [main/INFO] [net.neoforged.fml.loading.moddiscovery.ModDiscoverer/SCAN]: Found mod file "nuggets-neoforge-1.21-1.0.5.jar" [parent: ars_nouveau-1.21.1-5.8.1-all.jar, locator: jarinjar, reader: mod manifest]
[21Apr2025 23:39:09.112] [main/INFO] [net.neoforged.fml.loading.moddiscovery.ModDiscoverer/SCAN]: Found library file "kotlin-stdlib-jdk7-2.1.0.jar" [parent: kotlinforforge-5.7.0-all.jar, locator: jarinjar]
[21Apr2025 23:39:09.112] [main/INFO] [net.neoforged.fml.loading.moddiscovery.ModDiscoverer/SCAN]: Found mod file "fabric-screen-api-v1-2.0.25+b282c4bb19.jar" [parent: forgified-fabric-api-0.107.0+2.0.25+1.21.1.jar, locator: jarinjar, reader: mod manifest]
[21Apr2025 23:39:09.112] [main/INFO] [net.neoforged.fml.loading.moddiscovery.ModDiscoverer/SCAN]: Found library file "kotlin-stdlib-jdk8-2.1.0.jar" [parent: kotlinforforge-5.7.0-all.jar, locator: jarinjar]
[21Apr2025 23:39:09.112] [main/INFO] [net.neoforged.fml.loading.moddiscovery.ModDiscoverer/SCAN]: Found mod file "GrandPower-3.0.2.jar" [parent: oritech-neoforge-0.14.5.jar, locator: jarinjar, reader: mod manifest]
[21Apr2025 23:39:09.112] [main/INFO] [net.neoforged.fml.loading.moddiscovery.ModDiscoverer/SCAN]: Found library file "Reflect-1.3.4.jar" [parent: ImmediatelyFast-NeoForge-1.6.5+1.21.1.jar, locator: jarinjar]
[21Apr2025 23:39:09.113] [main/INFO] [net.neoforged.fml.loading.moddiscovery.ModDiscoverer/SCAN]: Found mod file "fabric-particles-v1-4.0.2+824f924c19.jar" [parent: forgified-fabric-api-0.107.0+2.0.26+1.21.1.jar, locator: jarinjar, reader: mod manifest]
[21Apr2025 23:39:09.113] [main/INFO] [net.neoforged.fml.loading.moddiscovery.ModDiscoverer/SCAN]: Found library file "forgified-fabric-loader-2.5.29+0.16.0+1.21-full.jar" [parent: forgified-fabric-api-0.107.0+2.0.26+1.21.1.jar, locator: jarinjar, reader: mod manifest]
[21Apr2025 23:39:09.114] [main/INFO] [net.neoforged.fml.loading.moddiscovery.ModDiscoverer/SCAN]: Found mod file "extensibleenums-neoforge-21.1.1.jar" [parent: IllagerInvasion-v21.1.4-1.21.1-NeoForge.jar, locator: jarinjar, reader: mod manifest]
[21Apr2025 23:39:09.114] [main/INFO] [net.neoforged.fml.loading.moddiscovery.ModDiscoverer/SCAN]: Found library file "common-image-3.12.0.jar" [parent: yet_another_config_lib_v3-3.6.6+1.21.1-neoforge.jar, locator: jarinjar]
[21Apr2025 23:39:09.114] [main/INFO] [net.neoforged.fml.loading.moddiscovery.ModDiscoverer/SCAN]: Found library file "bytecodecs-1.1.2.jar" [parent: resourcefullib-neoforge-1.21-3.0.11.jar, locator: jarinjar]
[21Apr2025 23:39:09.114] [main/INFO] [net.neoforged.fml.loading.moddiscovery.ModDiscoverer/SCAN]: Found library file "kotlinx-serialization-json-jvm-1.7.3.jar" [parent: kotlinforforge-5.7.0-all.jar, locator: jarinjar]
[21Apr2025 23:39:09.114] [main/INFO] [net.neoforged.fml.loading.moddiscovery.ModDiscoverer/SCAN]: Found mod file "fabric-content-registries-v0-8.0.17+0a0c14ff19.jar" [parent: forgified-fabric-api-0.107.0+2.0.26+1.21.1.jar, locator: jarinjar, reader: mod manifest]
[21Apr2025 23:39:09.115] [main/INFO] [net.neoforged.fml.loading.moddiscovery.ModDiscoverer/SCAN]: Found mod file "fabric-transitive-access-wideners-v1-6.1.0+0df3143b19.jar" [parent: forgified-fabric-api-0.107.0+2.0.26+1.21.1.jar, locator: jarinjar, reader: mod manifest]
[21Apr2025 23:39:09.115] [main/INFO] [net.neoforged.fml.loading.moddiscovery.ModDiscoverer/SCAN]: Found library file "snakeyaml-2.2.jar" [parent: OctoLib-NEOFORGE-0.5.0.1.jar, locator: jarinjar]
[21Apr2025 23:39:09.115] [main/INFO] [net.neoforged.fml.loading.moddiscovery.ModDiscoverer/SCAN]: Found library file "jankson-1.2.3.jar" [parent: fzzy_config-0.6.9+1.21+neoforge.jar, locator: jarinjar]
[21Apr2025 23:39:09.115] [main/INFO] [net.neoforged.fml.loading.moddiscovery.ModDiscoverer/SCAN]: Found gamelibrary file "mixinextras-neoforge-0.4.1.jar" [parent: neoforge-21.1.145-universal.jar, locator: jarinjar, reader: mod manifest]
[21Apr2025 23:39:09.115] [main/INFO] [net.neoforged.fml.loading.moddiscovery.ModDiscoverer/SCAN]: Found gamelibrary file "l2serial-3.0.9+5.jar" [parent: arsdelight-2.1.5.jar, locator: jarinjar, reader: mod manifest]
[21Apr2025 23:39:09.116] [main/INFO] [net.neoforged.fml.loading.moddiscovery.ModDiscoverer/SCAN]: Found library file "gson-0.1.5.jar" [parent: oritech-neoforge-0.14.5.jar, locator: jarinjar]
[21Apr2025 23:39:09.116] [main/INFO] [net.neoforged.fml.loading.moddiscovery.ModDiscoverer/SCAN]: Found mod file "fabric-game-rule-api-v1-1.0.53+36d727be19.jar" [parent: forgified-fabric-api-0.107.0+2.0.26+1.21.1.jar, locator: jarinjar, reader: mod manifest]
[21Apr2025 23:39:09.116] [main/INFO] [net.neoforged.fml.loading.moddiscovery.ModDiscoverer/SCAN]: Found mod file "fabric-api-base-0.4.42+d1308dedd1.jar" [parent: owo-lib-neoforge-0.12.15.1-beta.3+1.21.jar, locator: jarinjar, reader: mod manifest]
[21Apr2025 23:39:09.116] [main/INFO] [net.neoforged.fml.loading.moddiscovery.ModDiscoverer/SCAN]: Found mod file "fabric-api-lookup-api-v1-1.6.69+c21168c319.jar" [parent: forgified-fabric-api-0.107.0+2.0.26+1.21.1.jar, locator: jarinjar, reader: mod manifest]
[21Apr2025 23:39:09.116] [main/INFO] [net.neoforged.fml.loading.moddiscovery.ModDiscoverer/SCAN]: Found mod file "fabric-blockrenderlayer-v1-1.1.52+b089b4bd19.jar" [parent: forgified-fabric-api-0.107.0+2.0.26+1.21.1.jar, locator: jarinjar, reader: mod manifest]
[21Apr2025 23:39:09.116] [main/INFO] [net.neoforged.fml.loading.moddiscovery.ModDiscoverer/SCAN]: Found gamelibrary file "mixinsquared-neoforge-0.2.0.jar" [parent: sodiumoptionsapi-neoforge-1.0.10-1.21.1.jar, locator: jarinjar, reader: mod manifest]
[21Apr2025 23:39:09.116] [main/INFO] [net.neoforged.fml.loading.moddiscovery.ModDiscoverer/SCAN]: Found mod file "fabric-block-api-v1-1.0.22+a6e994cd19.jar" [parent: forgified-fabric-api-0.107.0+2.0.26+1.21.1.jar, locator: jarinjar, reader: mod manifest]
[21Apr2025 23:39:09.116] [main/INFO] [net.neoforged.fml.loading.moddiscovery.ModDiscoverer/SCAN]: Found library file "imageio-metadata-3.12.0.jar" [parent: yet_another_config_lib_v3-3.6.6+1.21.1-neoforge.jar, locator: jarinjar]
[21Apr2025 23:39:09.117] [main/INFO] [net.neoforged.fml.loading.moddiscovery.ModDiscoverer/SCAN]: Found mod file "fabric-resource-conditions-api-v1-4.3.0+edeecbd819.jar" [parent: forgified-fabric-api-0.107.0+2.0.25+1.21.1.jar, locator: jarinjar, reader: mod manifest]
[21Apr2025 23:39:09.117] [main/INFO] [net.neoforged.fml.loading.moddiscovery.ModDiscoverer/SCAN]: Found mod file "kffmod-5.7.0.jar" [parent: kotlinforforge-5.7.0-all.jar, locator: jarinjar, reader: mod manifest]
[21Apr2025 23:39:09.117] [main/INFO] [net.neoforged.fml.loading.moddiscovery.ModDiscoverer/SCAN]: Found library file "gson-0.2.1.jar" [parent: yet_another_config_lib_v3-3.6.6+1.21.1-neoforge.jar, locator: jarinjar]
[21Apr2025 23:39:09.117] [main/INFO] [net.neoforged.fml.loading.moddiscovery.ModDiscoverer/SCAN]: Found library file "kotlin-reflect-2.1.0.jar" [parent: kotlinforforge-5.7.0-all.jar, locator: jarinjar]
[21Apr2025 23:39:09.117] [main/INFO] [net.neoforged.fml.loading.moddiscovery.ModDiscoverer/SCAN]: Found library file "kotlin-stdlib-2.1.0.jar" [parent: kotlinforforge-5.7.0-all.jar, locator: jarinjar]
[21Apr2025 23:39:09.117] [main/INFO] [net.neoforged.fml.loading.moddiscovery.ModDiscoverer/SCAN]: Found mod file "fabric-item-group-api-v1-4.1.6+e324903319.jar" [parent: forgified-fabric-api-0.107.0+2.0.26+1.21.1.jar, locator: jarinjar, reader: mod manifest]
[21Apr2025 23:39:09.117] [main/INFO] [net.neoforged.fml.loading.moddiscovery.ModDiscoverer/SCAN]: Found mod file "fabric-gametest-api-v1-2.0.5+29f188ce19.jar" [parent: forgified-fabric-api-0.107.0+2.0.26+1.21.1.jar, locator: jarinjar, reader: mod manifest]
[21Apr2025 23:39:09.118] [main/INFO] [net.neoforged.fml.loading.moddiscovery.ModDiscoverer/SCAN]: Found gamelibrary file "l2modularblocks-3.0.0+4.jar" [parent: arsdelight-2.1.5.jar, locator: jarinjar, reader: mod manifest]
[21Apr2025 23:39:09.118] [main/INFO] [net.neoforged.fml.loading.moddiscovery.ModDiscoverer/SCAN]: Found mod file "l2core-3.0.8+1.jar" [parent: arsdelight-2.1.5.jar, locator: jarinjar, reader: mod manifest]
[21Apr2025 23:39:09.118] [main/INFO] [net.neoforged.fml.loading.moddiscovery.ModDiscoverer/SCAN]: Found mod file "fabric-biome-api-v1-13.0.30+1e62d33c19.jar" [parent: forgified-fabric-api-0.107.0+2.0.26+1.21.1.jar, locator: jarinjar, reader: mod manifest]
[21Apr2025 23:39:09.118] [main/INFO] [net.neoforged.fml.loading.moddiscovery.ModDiscoverer/SCAN]: Found library file "tomlkt-jvm-0.3.7.jar" [parent: fzzy_config-0.6.9+1.21+neoforge.jar, locator: jarinjar]
[21Apr2025 23:39:09.118] [main/INFO] [net.neoforged.fml.loading.moddiscovery.ModDiscoverer/SCAN]: Found mod file "fabric-entity-events-v1-1.7.0+1af6e62419.jar" [parent: forgified-fabric-api-0.107.0+2.0.26+1.21.1.jar, locator: jarinjar, reader: mod manifest]
[21Apr2025 23:39:09.118] [main/INFO] [net.neoforged.fml.loading.moddiscovery.ModDiscoverer/SCAN]: Found library file "json-0.2.1.jar" [parent: yet_another_config_lib_v3-3.6.6+1.21.1-neoforge.jar, locator: jarinjar]
[21Apr2025 23:39:09.118] [main/INFO] [net.neoforged.fml.loading.moddiscovery.ModDiscoverer/SCAN]: Found mod file "fabric-registry-sync-v0-5.1.3+0c9b5b5419.jar" [parent: forgified-fabric-api-0.107.0+2.0.26+1.21.1.jar, locator: jarinjar, reader: mod manifest]
[21Apr2025 23:39:09.118] [main/INFO] [net.neoforged.fml.loading.moddiscovery.ModDiscoverer/SCAN]: Found library file "s.tf-asm-4.7.3094.jar" [parent: twilightforest-1.21.1-4.7.3094-universal.jar, locator: jarinjar, reader: mod manifest]
[21Apr2025 23:39:09.119] [main/INFO] [net.neoforged.fml.loading.moddiscovery.ModDiscoverer/SCAN]: Found library file "common-io-3.12.0.jar" [parent: yet_another_config_lib_v3-3.6.6+1.21.1-neoforge.jar, locator: jarinjar]
[21Apr2025 23:39:09.119] [main/INFO] [net.neoforged.fml.loading.moddiscovery.ModDiscoverer/SCAN]: Found mod file "fabric-recipe-api-v1-5.0.13+59440bcc19.jar" [parent: forgified-fabric-api-0.107.0+2.0.26+1.21.1.jar, locator: jarinjar, reader: mod manifest]
[21Apr2025 23:39:09.119] [main/INFO] [net.neoforged.fml.loading.moddiscovery.ModDiscoverer/SCAN]: Found mod file "fabric-object-builder-api-v1-15.2.1+cc242efd19.jar" [parent: forgified-fabric-api-0.107.0+2.0.26+1.21.1.jar, locator: jarinjar, reader: mod manifest]
[21Apr2025 23:39:09.119] [main/INFO] [net.neoforged.fml.loading.moddiscovery.ModDiscoverer/SCAN]: Found mod file "fabric-loot-api-v2-3.0.15+a3ee712d19.jar" [parent: forgified-fabric-api-0.107.0+2.0.26+1.21.1.jar, locator: jarinjar, reader: mod manifest]
[21Apr2025 23:39:09.119] [main/INFO] [net.neoforged.fml.loading.moddiscovery.ModDiscoverer/SCAN]: Found library file "MixinSquared-0.2.0-beta.6.jar" [parent: mixinsquared-neoforge-0.2.0.jar, locator: jarinjar]
[21Apr2025 23:39:09.119] [main/INFO] [net.neoforged.fml.loading.moddiscovery.ModDiscoverer/SCAN]: Found mod file "fabric-loot-api-v3-1.0.3+333dfad919.jar" [parent: forgified-fabric-api-0.107.0+2.0.26+1.21.1.jar, locator: jarinjar, reader: mod manifest]
[21Apr2025 23:39:09.119] [main/INFO] [net.neoforged.fml.loading.moddiscovery.ModDiscoverer/SCAN]: Found mod file "fabric-rendering-data-attachment-v1-0.3.48+73761d2e19.jar" [parent: sodium-neoforge-0.6.13+mc1.21.1.jar, locator: jarinjar, reader: mod manifest]
[21Apr2025 23:39:09.121] [main/INFO] [net.neoforged.fml.loading.moddiscovery.ModDiscoverer/SCAN]: Found gamelibrary file "Registrate-MC1.21-1.3.0+63.jar" [parent: arsdelight-2.1.5.jar, locator: jarinjar, reader: mod manifest]
[21Apr2025 23:39:09.121] [main/INFO] [net.neoforged.fml.loading.moddiscovery.ModDiscoverer/SCAN]: Found library file "imageio-webp-3.12.0.jar" [parent: yet_another_config_lib_v3-3.6.6+1.21.1-neoforge.jar, locator: jarinjar]
[21Apr2025 23:39:09.121] [main/INFO] [net.neoforged.fml.loading.moddiscovery.ModDiscoverer/SCAN]: Found library file "kotlinx-serialization-core-jvm-1.7.3.jar" [parent: kotlinforforge-5.7.0-all.jar, locator: jarinjar]
[21Apr2025 23:39:09.122] [main/INFO] [net.neoforged.fml.loading.moddiscovery.ModDiscoverer/SCAN]: Found mod file "fabric-networking-api-v1-4.3.0+4f690eb619.jar" [parent: forgified-fabric-api-0.107.0+2.0.26+1.21.1.jar, locator: jarinjar, reader: mod manifest]
[21Apr2025 23:39:09.122] [main/INFO] [net.neoforged.fml.loading.moddiscovery.ModDiscoverer/SCAN]: Found mod file "fabric-sound-api-v1-1.0.23+10b84f8419.jar" [parent: forgified-fabric-api-0.107.0+2.0.26+1.21.1.jar, locator: jarinjar, reader: mod manifest]
[21Apr2025 23:39:09.122] [main/INFO] [net.neoforged.fml.loading.moddiscovery.ModDiscoverer/SCAN]: Found mod file "fabric-message-api-v1-6.0.13+e053909619.jar" [parent: forgified-fabric-api-0.107.0+2.0.26+1.21.1.jar, locator: jarinjar, reader: mod manifest]
[21Apr2025 23:39:09.122] [main/INFO] [net.neoforged.fml.loading.moddiscovery.ModDiscoverer/SCAN]: Found mod file "fabric-lifecycle-events-v1-2.4.0+36b6b86a19.jar" [parent: forgified-fabric-api-0.107.0+2.0.26+1.21.1.jar, locator: jarinjar, reader: mod manifest]
[21Apr2025 23:39:09.122] [main/INFO] [net.neoforged.fml.loading.moddiscovery.ModDiscoverer/SCAN]: Found library file "common-lang-3.12.0.jar" [parent: yet_another_config_lib_v3-3.6.6+1.21.1-neoforge.jar, locator: jarinjar]
[21Apr2025 23:39:09.122] [main/INFO] [net.neoforged.fml.loading.moddiscovery.ModDiscoverer/SCAN]: Found mod file "fabric-data-generation-api-v1-20.2.22+2d91a6db19.jar" [parent: forgified-fabric-api-0.107.0+2.0.26+1.21.1.jar, locator: jarinjar, reader: mod manifest]
[21Apr2025 23:39:09.122] [main/INFO] [net.neoforged.fml.loading.moddiscovery.ModDiscoverer/SCAN]: Found library file "imageio-core-3.12.0.jar" [parent: yet_another_config_lib_v3-3.6.6+1.21.1-neoforge.jar, locator: jarinjar]
[21Apr2025 23:39:09.122] [main/INFO] [net.neoforged.fml.loading.moddiscovery.ModDiscoverer/SCAN]: Found mod file "fabric-events-interaction-v0-0.7.13+7b71cc1619.jar" [parent: forgified-fabric-api-0.107.0+2.0.26+1.21.1.jar, locator: jarinjar, reader: mod manifest]
[21Apr2025 23:39:09.122] [main/INFO] [net.neoforged.fml.loading.moddiscovery.ModDiscoverer/SCAN]: Found mod file "fabric-key-binding-api-v1-1.0.47+62cc7ce119.jar" [parent: forgified-fabric-api-0.107.0+2.0.26+1.21.1.jar, locator: jarinjar, reader: mod manifest]
[21Apr2025 23:39:09.122] [main/INFO] [net.neoforged.fml.loading.moddiscovery.ModDiscoverer/SCAN]: Found mod file "fabric-client-tags-api-v1-1.1.15+e053909619.jar" [parent: forgified-fabric-api-0.107.0+2.0.26+1.21.1.jar, locator: jarinjar, reader: mod manifest]
[21Apr2025 23:39:09.129] [main/INFO] [net.neoforged.fml.loading.moddiscovery.ModDiscoverer/]: 
     Mod List:
		Name Version (Mod Id)

		Additional Entity Attributes 2.0.0+1.21.1 (additionalentityattributes)
		Advancement Plaques 1.6.8 (advancementplaques)
		All The Arcanist Gear 1.21.1-21.3.0 (allthearcanistgear)
		Allthemodium 2.9.2 (allthemodium)
		AlmostUnified 1.21.1-1.2.3 (almostunified)
		Apotheosis 8.3.2 (apotheosis)
		Apothic Attributes 2.8.0 (apothic_attributes)
		Apothic Enchanting 1.4.0 (apothic_enchanting)
		Apothic Spawners 1.3.0 (apothic_spawners)
		AppleSkin 3.0.5+mc1.21 (appleskin)
		Architectury 13.0.8 (architectury)
		Ars Additions 1.21.1-21.2.2 (ars_additions)
		Ars Controle 1.21.1-1.5.2 (ars_controle)
		Ars Elemancy 0.0.1 (ars_elemancy)
		Ars Elemental 0.7.3.0 (ars_elemental)
		Ars Nouveau 5.8.1 (ars_nouveau)
		Ars Nouveau Delight 1.1.0.6-1.21.x (arsnouveaudelight)
		Ars Nouveau Dungeons 1.0.0-1.20.1 (arsnouveaudungeons)
		Ars Nouveau's Flavors & Delight 2.1.5 (arsdelight)
		Athena 4.0.1 (athena)
		Balm 21.0.40 (balm)
		Baubley Heart Canisters 1.21.1-1.2.2 (bhc)
		betterchunkloading mod 5.4 (betterchunkloading)
		Bosses of Mass Destruction 1.3.2 (bosses_of_mass_destruction)
		Bridging Mod 2.6.2+1.21.1 (bridgingmod)
		Building Gadgets 2 1.3.8 (buildinggadgets2)
		Cerbons API 1.2.0 (cerbons_api)
		Chipped 4.0.2 (chipped)
		ChoiceTheorem's Overhauled Village 3.5.7a (ctov)
		Chunk Loaders 1.2.8 (chunkloaders)
		chunksending mod 2.8 (chunksending)
		Cloth Config v15 API 15.0.140 (cloth_config)
		Collective 8.3 (collective)
		CommonCapabilities 2.9.8 (commoncapabilities)
		Corail Tombstone 9.2.9 (tombstone)
		CorgiLib 5.0.0.3 (corgilib)
		Cosmos Library 11.11.4.0 (cosmoslibrary)
		CreativeCore 2.13.2 (creativecore)
		Cupboard mod 2.9 (cupboard)
		Curios API 9.4.2+1.21.1 (curios)
		Cyclops Core 1.25.9 (cyclopscore)
		Deeper and Darker 1.3.4 (deeperdarker)
		Dimensional Pockets II 10.6.0.0 (dimensionalpocketsii)
		Double Doors 7.0 (doubledoors)
		Dungeon Crawl 2.3.15 (dungeoncrawl)
		EMI 1.1.22+1.21.1+neoforge (emi)
		EMI Enchanting 0.1.2+1.21+neoforge (emi_enchanting)
		EMI Loot 0.7.5+1.21+neoforge (emi_loot)
		EMI Ores 1.2+1.21.1+neoforge (emi_ores)
		EMI Professions (EMIP) 1.0.3 (emiprofessions)
		Enchanting Infuser 21.1.0 (enchantinginfuser)
		EvilCraft 1.2.69 (evilcraft)
		Explorer's Compass 1.21.1-3.0.3-neoforge (explorerscompass)
		Explorify 1.6.2 (explorify)
		Extensible Enums 21.1.1 (extensibleenums)
		Farmer's Delight 1.2.7 (farmersdelight)
		Farsight mod 3.8 (farsight_view)
		Ferrite Core 7.0.2 (ferritecore)
		Forgified Fabric API 0.107.0+2.0.26+1.21.1 (fabric_api)
		Forgified Fabric API Base 0.4.42+d1308dedd1 (fabric_api_base)
		Forgified Fabric API Lookup API (v1) 1.6.69+c21168c319 (fabric_api_lookup_api_v1)
		Forgified Fabric Biome API (v1) 13.0.30+1e62d33c19 (fabric_biome_api_v1)
		Forgified Fabric Block API (v1) 1.0.22+a6e994cd19 (fabric_block_api_v1)
		Forgified Fabric BlockRenderLayer Registration (v1) 1.1.52+b089b4bd19 (fabric_blockrenderlayer_v1)
		Forgified Fabric BlockView API (v2) 1.0.10+9afaaf8c19 (fabric_block_view_api_v2)
		Forgified Fabric Client Tags 1.1.15+e053909619 (fabric_client_tags_api_v1)
		Forgified Fabric Command API (v2) 2.2.28+36d727be19 (fabric_command_api_v2)
		Forgified Fabric Content Registries (v0) 8.0.17+0a0c14ff19 (fabric_content_registries_v0)
		Forgified Fabric Convention Tags 2.1.1+7f945d5b19 (fabric_convention_tags_v1)
		Forgified Fabric Convention Tags (v2) 2.9.1+231468e519 (fabric_convention_tags_v2)
		Forgified Fabric Data Attachment API (v1) 1.2.0+7330bc1b19 (fabric_data_attachment_api_v1)
		Forgified Fabric Data Generation API (v1) 20.2.22+2d91a6db19 (fabric_data_generation_api_v1)
		Forgified Fabric Entity Events (v1) 1.7.0+1af6e62419 (fabric_entity_events_v1)
		Forgified Fabric Events Interaction (v0) 0.7.13+7b71cc1619 (fabric_events_interaction_v0)
		Forgified Fabric Game Rule API (v1) 1.0.53+36d727be19 (fabric_game_rule_api_v1)
		Forgified Fabric Game Test API (v1) 2.0.5+29f188ce19 (fabric_gametest_api_v1)
		Forgified Fabric Item API (v1) 11.1.1+57cdfa8219 (fabric_item_api_v1)
		Forgified Fabric Item Group API (v1) 4.1.6+e324903319 (fabric_item_group_api_v1)
		Forgified Fabric Key Binding API (v1) 1.0.47+62cc7ce119 (fabric_key_binding_api_v1)
		Forgified Fabric Lifecycle Events (v1) 2.4.0+36b6b86a19 (fabric_lifecycle_events_v1)
		Forgified Fabric Loot API (v2) 3.0.15+a3ee712d19 (fabric_loot_api_v2)
		Forgified Fabric Loot API (v3) 1.0.3+333dfad919 (fabric_loot_api_v3)
		Forgified Fabric Message API (v1) 6.0.13+e053909619 (fabric_message_api_v1)
		Forgified Fabric Model Loading API (v1) 2.0.0+986ae77219 (fabric_model_loading_api_v1)
		Forgified Fabric Networking API (v1) 4.3.0+4f690eb619 (fabric_networking_api_v1)
		Forgified Fabric Object Builder API (v1) 15.2.1+cc242efd19 (fabric_object_builder_api_v1)
		Forgified Fabric Particles (v1) 4.0.2+824f924c19 (fabric_particles_v1)
		Forgified Fabric Recipe API (v1) 5.0.13+59440bcc19 (fabric_recipe_api_v1)
		Forgified Fabric Registry Sync (v0) 5.1.3+0c9b5b5419 (fabric_registry_sync_v0)
		Forgified Fabric Renderer - Indigo 1.7.0+acb05a3919 (fabric_renderer_indigo)
		Forgified Fabric Renderer API (v1) 3.4.0+9c40919e19 (fabric_renderer_api_v1)
		Forgified Fabric Rendering (v1) 5.0.5+077ba95f19 (fabric_rendering_v1)
		Forgified Fabric Rendering Data Attachment (v1) 0.3.48+73761d2e19 (fabric_rendering_data_attachment_v1)
		Forgified Fabric Rendering Fluids (v1) 3.1.6+857185bc19 (fabric_rendering_fluids_v1)
		Forgified Fabric Resource Conditions API (v1) 4.3.0+edeecbd819 (fabric_resource_conditions_api_v1)
		Forgified Fabric Resource Loader (v0) 1.3.1+4ea8954419 (fabric_resource_loader_v0)
		Forgified Fabric Screen API (v1) 2.0.25+b282c4bb19 (fabric_screen_api_v1)
		Forgified Fabric Screen Handler API (v1) 1.3.87+8dbc56dd19 (fabric_screen_handler_api_v1)
		Forgified Fabric Sound API (v1) 1.0.23+10b84f8419 (fabric_sound_api_v1)
		Forgified Fabric Transfer API (v1) 5.4.1+628bf5e919 (fabric_transfer_api_v1)
		Forgified Fabric Transitive Access Wideners (v1) 6.1.0+0df3143b19 (fabric_transitive_access_wideners_v1)
		Fusion 1.2.7 (fusion)
		Fzzy Config 0.6.9+1.21+neoforge (fzzy_config)
		Gateways To Eternity 5.0.3 (gateways)
		GeckoLib 4 4.7.5.1 (geckolib)
		Grand Power 3.0.2 (grandpower)
		Highlighter 1.1.11 (highlighter)
		Iceberg 1.3.2 (iceberg)
		Illager Invasion 21.1.4 (illagerinvasion)
		Illager-Warship 1.0.0 (illagerwarship)
		ImmediatelyFast 1.6.5+1.21.1 (immediatelyfast)
		Incendium 5.4.3 (incendium)
		IntegratedCrafting 1.1.16 (integratedcrafting)
		IntegratedDynamics 1.25.12 (integrateddynamics)
		IntegratedScripting 1.0.17 (integratedscripting)
		IntegratedTerminals 1.6.10 (integratedterminals)
		IntegratedTunnels 1.8.37 (integratedtunnels)
		Jade 15.10.0+neoforge (jade)
		Just Dire Things 1.5.5 (justdirethings)
		Just Enough Breeding 1.5.0 (justenoughbreeding)
		Just Enough Items 19.21.0.247 (jei)
		Kotlin For Forge 5.7.0 (kotlinforforge)
		KumaAPI 21.0.5 (kuma_api)
		L2Core 3.0.8+1 (l2core)
		L_Ender's Cataclysm 2.65-1.21.1 (cataclysm)
		Legendary Tooltips 1.5.5 (legendarytooltips)
		lionfishapi 2.6 (lionfishapi)
		Lithium 0.15.0+mc1.21.1 (lithium)
		Lithostitched 1.4.2 (lithostitched)
		LittleTiles 1.6.0-pre161 (littletiles)
		lootintegration_wda mod 1 (lootintegration_wda)
		Lootintegrations mod 4.3 (lootintegrations)
		lootintegrations_yungs mod 1 (lootintegrations_yungs)
		Lootr 1.21-1.10.35.91 (lootr)
		Magnum Torch 21.1.0 (magnumtorch)
		Mekanism 10.7.13 (mekanism)
		Mekanism: Additions 10.7.13 (mekanismadditions)
		Mekanism: Generators 10.7.13 (mekanismgenerators)
		Mekanism: Tools 10.7.13 (mekanismtools)
		Minecraft 1.21.1 (minecraft)
		Mob Grinding Utils 1.1.7+mc1.21.1 (mob_grinding_utils)
		ModernFix 5.21.0+mc1.21.1 (modernfix)
		Moog's End Structures 1.3.5-1.21 (mes)
		Moog's Nether Structures 1.0.8-1.21 (mns)
		Moog's Soaring Structures 1.2.8-1.21 (mss)
		Moog's Voyager Structures 4.3.0-1.21 (mvs)
		Mouse Tweaks 2.26.1 (mousetweaks)
		Nature's Compass 1.21.1-3.0.2-neoforge (naturescompass)
		NeoForge 21.1.145 (neoforge)
		Noisium 2.3.0+mc1.21-1.21.1 (noisium)
		Not Enough Glyphs 4.1.1 (not_enough_glyphs)
		Nuggets 1.0.5 (nuggets)
		Nullscape 1.2.11 (nullscape)
		OctoLib 0.5.0.1 (octolib)
		Oh The Biomes We've Gone 2.3.13 (biomeswevegone)
		Oh The Trees You'll Grow 5.0.10 (ohthetreesyoullgrow)
		Oritech 0.14.5 (oritech)
		oωo 0.12.15.1-beta.3+1.21 (owo)
		Patchouli 1.21-88-NEOFORGE (patchouli)
		Pick Up Notifier 21.1.1 (pickupnotifier)
		Placebo 9.8.0 (placebo)
		PolyLib 2100.0.3-build.172 (polylib)
		Portable Mobs 1.2.1 (portablemobs)
		Potentials 0.6.2 (potentials)
		Prism 1.0.11 (prism)
		Puzzles Lib 21.1.33 (puzzleslib)
		Rechiseled 1.1.6+a (rechiseled)
		Rechiseled: Chipped 1.3 (rechiseled_chipped)
		recipeessentials mod 4.0 (recipeessentials)
		Reese's Sodium Options 1.8.3+mc1.21.4 (reeses_sodium_options)
		Relics 0.10.7.4 (relics)
		Reliquified Ars Nouveau 0.6 (reliquified_ars_nouveau)
		Resource Library 1.21.1-2.5.0 (resourcelibrary)
		Resource Nether Ores 2.1.0 (resource_nether_ores)
		Resourceful Lib 3.0.12 (resourcefullib)
		Shrink 2.0.1.47 (shrink)
		Sky Aesthetics 1.6.1 (sky_aesthetics)
		Sky Villages 1.0.6 (skyvillages)
		Smoothchunk mod 4.1 (smoothchunk)
		Sodium 0.6.13+mc1.21.1 (sodium)
		Sodium Dynamic Lights 1.0.9 (sodiumdynamiclights)
		Sodium Options API 1.0.10 (sodiumoptionsapi)
		Sophisticated Backpacks 3.24.9 (sophisticatedbackpacks)
		Sophisticated Core 1.3.29 (sophisticatedcore)
		Sophisticated Storage 1.4.23 (sophisticatedstorage)
		Spice of Life: Carrot Edition 1.16.5 (solcarrot)
		Stellaris 1.3.11 (stellaris)
		Structory 1.3.10 (structory)
		Structory: Towers 1.0.11 (structory_towers)
		Structure Essentials mod 4.7 (structureessentials)
		SuperMartijn642's Config Library 1.1.8 (supermartijn642configlib)
		SuperMartijn642's Core Lib 1.1.18+a (supermartijn642corelib)
		Tectonic 3.0.0+beta2 (tectonic)
		TerraBlender 4.1.0.8 (terrablender)
		Terralith 2.5.8 (terralith)
		The Bumblezone 7.8.12+1.21.1-neoforge (the_bumblezone)
		The Twilight Forest 4.7.3094 (twilightforest)
		The Undergarden 0.8.22 (undergarden)
		Traveler's Titles 1.21.1-NeoForge-5.1.3 (travelerstitles)
		TxniLib 1.0.23 (txnilib)
		Waystones 21.1.15 (waystones)
		When Dungeons Arise 2.1.64 (dungeons_arise)
		When Dungeons Arise: Seven Seas 1.0.3.2 (dungeons_arise_seven_seas)
		Xaero's Minimap 25.2.0 (xaerominimap)
		Xaero's World Map 1.39.4 (xaeroworldmap)
		YetAnotherConfigLib 3.6.6+1.21.1-neoforge (yet_another_config_lib_v3)
		YUNG's API 1.21.1-NeoForge-5.1.4 (yungsapi)
		YUNG's Better Desert Temples 1.21.1-NeoForge-4.1.5 (betterdeserttemples)
		YUNG's Better Dungeons 1.21.1-NeoForge-5.1.4 (betterdungeons)
		YUNG's Better End Island 1.21.1-NeoForge-3.1.2 (betterendisland)
		YUNG's Better Jungle Temples 1.21.1-NeoForge-3.1.2 (betterjungletemples)
		YUNG's Better Mineshafts 1.21.1-NeoForge-5.1.1 (bettermineshafts)
		YUNG's Better Nether Fortresses 1.21.1-NeoForge-3.1.4 (betterfortresses)
		YUNG's Better Ocean Monuments 1.21.1-NeoForge-4.1.2 (betteroceanmonuments)
		YUNG's Better Strongholds 1.21.1-NeoForge-5.1.3 (betterstrongholds)
		YUNG's Better Witch Huts 1.21.1-NeoForge-4.1.1 (betterwitchhuts)
		YUNG's Bridges 1.21.1-NeoForge-5.1.1 (yungsbridges)
		YUNG's Extras 1.21.1-NeoForge-5.1.1 (yungsextras)
		YUNG's Menu Tweaks 1.21.1-NeoForge-2.1.2 (yungsmenutweaks)
[21Apr2025 23:39:09.897] [main/INFO] [net.neoforged.fml.loading.FMLServiceProvider/CORE]: Loading coremod script-engine for [apothic_enchanting, xaerominimap, xaeroworldmap]
[21Apr2025 23:39:13.989] [main/INFO] [mixin/]: Compatibility level set to JAVA_17
[21Apr2025 23:39:13.997] [main/INFO] [mixin/]: Compatibility level set to JAVA_21
[21Apr2025 23:39:14.782] [main/INFO] [net.fabricmc.loader.impl.bootstrap.FabricLoaderBootstrap/]: Propagating FML mod list to Fabric Loader
[21Apr2025 23:39:14.804] [main/INFO] [cpw.mods.modlauncher.LaunchServiceHandler/MODLAUNCHER]: Launching target 'forgeserver' with arguments [nogui]
[21Apr2025 23:39:14.836] [main/WARN] [mixin/]: Reference map 'betterdungeons.refmap.json' for betterdungeons.mixins.json could not be read. If this is a development environment you can ignore this message
[21Apr2025 23:39:14.838] [main/WARN] [mixin/]: Reference map 'additionalentityattributes.refmap.json' for additionalentityattributes.mixins.json could not be read. If this is a development environment you can ignore this message
[21Apr2025 23:39:14.941] [main/INFO] [ModernFix/]: Loaded configuration file for ModernFix 5.21.0+mc1.21.1: 71 options available, 1 override(s) found
[21Apr2025 23:39:14.941] [main/WARN] [ModernFix/]: Option 'mixin.perf.cache_strongholds' overriden (by mods [littletiles]) to 'false'
[21Apr2025 23:39:14.942] [main/INFO] [ModernFix/]: Applying Nashorn fix
[21Apr2025 23:39:14.951] [main/WARN] [mixin/]: Reference map 'yungsapi.refmap.json' for yungsapi.mixins.json could not be read. If this is a development environment you can ignore this message
[21Apr2025 23:39:14.953] [main/WARN] [mixin/]: Reference map 'gateways.refmap.json' for gateways.mixins.json could not be read. If this is a development environment you can ignore this message
[21Apr2025 23:39:14.955] [main/WARN] [mixin/]: Reference map 'balm.refmap.json' for balm.mixins.json could not be read. If this is a development environment you can ignore this message
[21Apr2025 23:39:14.957] [main/WARN] [mixin/]: Reference map 'betterfortresses.refmap.json' for betterfortresses.mixins.json could not be read. If this is a development environment you can ignore this message
[21Apr2025 23:39:14.967] [main/WARN] [mixin/]: Reference map 'supermartijn642corelib.mixins.refmap.json' for supermartijn642corelib.mixins.json could not be read. If this is a development environment you can ignore this message
[21Apr2025 23:39:14.969] [main/WARN] [mixin/]: Reference map 'yungsbridges.refmap.json' for yungsbridges.mixins.json could not be read. If this is a development environment you can ignore this message
[21Apr2025 23:39:14.970] [main/WARN] [mixin/]: Reference map 'reeses-sodium-options.refmap.json' for reeses-sodium-options.mixins.json could not be read. If this is a development environment you can ignore this message
[21Apr2025 23:39:14.972] [main/WARN] [mixin/]: Reference map 'curios.refmap.json' for curios.neoforge.mixins.json could not be read. If this is a development environment you can ignore this message
[21Apr2025 23:39:14.973] [main/WARN] [mixin/]: Reference map 'curios.refmap.json' for curios.mixins.json could not be read. If this is a development environment you can ignore this message
[21Apr2025 23:39:14.978] [main/WARN] [mixin/]: Reference map 'resourcelibrary.refmap.json' for resourcelibrary.mixins.json could not be read. If this is a development environment you can ignore this message
[21Apr2025 23:39:14.982] [main/WARN] [mixin/]: Reference map 'yungsmenutweaks.refmap.json' for yungsmenutweaks.mixins.json could not be read. If this is a development environment you can ignore this message
[21Apr2025 23:39:14.982] [main/WARN] [mixin/]: Reference map 'yungsmenutweaks.refmap.json' for yungsmenutweaks_neoforge.mixins.json could not be read. If this is a development environment you can ignore this message
[21Apr2025 23:39:14.984] [main/WARN] [mixin/]: Reference map 'betterendisland.refmap.json' for betterendisland.mixins.json could not be read. If this is a development environment you can ignore this message
[21Apr2025 23:39:14.986] [main/WARN] [mixin/]: Reference map 'mixins.tombstone.refmap.json' for tombstone.mixins.json could not be read. If this is a development environment you can ignore this message
[21Apr2025 23:39:14.988] [main/WARN] [mixin/]: Reference map 'bettermineshafts.refmap.json' for bettermineshafts.mixins.json could not be read. If this is a development environment you can ignore this message
[21Apr2025 23:39:14.990] [main/WARN] [mixin/]: Reference map 'betterjungletemples.refmap.json' for betterjungletemples.mixins.json could not be read. If this is a development environment you can ignore this message
[21Apr2025 23:39:14.995] [main/WARN] [mixin/]: Reference map 'lithostitched.refmap.json' for lithostitched.mixins.json could not be read. If this is a development environment you can ignore this message
[21Apr2025 23:39:15.060] [main/INFO] [LithiumConfig/]: Option 'mixin.experimental.entity.block_caching.suffocation' requires 'mixin.util.block_tracking=true' but found 'false'. Setting 'mixin.experimental.entity.block_caching.suffocation=false'.
[21Apr2025 23:39:15.060] [main/INFO] [LithiumConfig/]: Option 'mixin.experimental.entity.block_caching.block_support' requires 'mixin.util.block_tracking=true' but found 'false'. Setting 'mixin.experimental.entity.block_caching.block_support=false'.
[21Apr2025 23:39:15.060] [main/INFO] [LithiumConfig/]: Option 'mixin.experimental.entity.block_caching.block_touching' requires 'mixin.util.block_tracking=true' but found 'false'. Setting 'mixin.experimental.entity.block_caching.block_touching=false'.
[21Apr2025 23:39:15.061] [main/INFO] [LithiumConfig/]: Option 'mixin.experimental.entity.block_caching' requires 'mixin.util.block_tracking=true' but found 'false'. Setting 'mixin.experimental.entity.block_caching=false'.
[21Apr2025 23:39:15.061] [main/INFO] [Lithium/]: Loaded configuration file for Lithium: 146 options available, 2 override(s) found
[21Apr2025 23:39:15.078] [main/INFO] [Sodium/]: Loaded configuration file for Sodium: 43 options available, 0 override(s) found
[21Apr2025 23:39:15.084] [main/WARN] [mixin/]: Reference map 'smoothchunk.refmap.json' for smoothchunk.mixins.json could not be read. If this is a development environment you can ignore this message
[21Apr2025 23:39:15.090] [main/WARN] [mixin/]: Reference map 'terrablender.refmap.json' for terrablender.mixins.json could not be read. If this is a development environment you can ignore this message
[21Apr2025 23:39:15.090] [main/WARN] [mixin/]: Reference map 'terrablender.refmap.json' for terrablender_neoforge.mixins.json could not be read. If this is a development environment you can ignore this message
[21Apr2025 23:39:15.129] [main/WARN] [mixin/]: Reference map 'chunksending.refmap.json' for chunksending.mixins.json could not be read. If this is a development environment you can ignore this message
[21Apr2025 23:39:15.130] [main/WARN] [mixin/]: Reference map 'kuma_api.refmap.json' for kuma_api.mixins.json could not be read. If this is a development environment you can ignore this message
[21Apr2025 23:39:15.133] [main/WARN] [mixin/]: Reference map 'betterwitchhuts.refmap.json' for betterwitchhuts.mixins.json could not be read. If this is a development environment you can ignore this message
[21Apr2025 23:39:15.133] [main/WARN] [mixin/]: Reference map 'geckolib.refmap.json' for geckolib.mixins.json could not be read. If this is a development environment you can ignore this message
[21Apr2025 23:39:15.210] [main/WARN] [mixin/]: Reference map 'ars_nouveau.refmap.json' for ars_nouveau.mixins.json could not be read. If this is a development environment you can ignore this message
[21Apr2025 23:39:15.212] [main/WARN] [mixin/]: Reference map 'recipeessentials.refmap.json' for recipeessentials.mixins.json could not be read. If this is a development environment you can ignore this message
[21Apr2025 23:39:15.214] [main/WARN] [mixin/]: Reference map 'betteroceanmonuments.refmap.json' for betteroceanmonuments.mixins.json could not be read. If this is a development environment you can ignore this message
[21Apr2025 23:39:15.217] [main/WARN] [mixin/]: Reference map 'structureessentials.refmap.json' for structureessentials.mixins.json could not be read. If this is a development environment you can ignore this message
[21Apr2025 23:39:15.218] [main/WARN] [mixin/]: Reference map 'placebo.refmap.json' for placebo.mixins.json could not be read. If this is a development environment you can ignore this message
[21Apr2025 23:39:15.219] [main/WARN] [mixin/]: Reference map 'apothic_attributes.refmap.json' for apothic_attributes.mixins.json could not be read. If this is a development environment you can ignore this message
[21Apr2025 23:39:15.220] [main/WARN] [mixin/]: Reference map 'lootintegrations.refmap.json' for lootintegrations.mixins.json could not be read. If this is a development environment you can ignore this message
[21Apr2025 23:39:15.222] [main/WARN] [mixin/]: Reference map 'relics.refmap.json' for relics.mixins.json could not be read. If this is a development environment you can ignore this message
[21Apr2025 23:39:15.223] [main/WARN] [mixin/]: Reference map 'reliquified_ars_nouveau.refmap.json' for reliquified_ars_nouveau.mixins.json could not be read. If this is a development environment you can ignore this message
[21Apr2025 23:39:15.224] [main/WARN] [mixin/]: Reference map 'nuggets.refmap.json' for nuggets.mixins.json could not be read. If this is a development environment you can ignore this message
[21Apr2025 23:39:15.227] [main/WARN] [mixin/]: Reference map 'rechiseled_chipped.refmap.json' for rechiseled_chipped.mixins.json could not be read. If this is a development environment you can ignore this message
[21Apr2025 23:39:15.230] [main/WARN] [mixin/]: Reference map 'lionfishapi.refmap.json' for lionfishapi.mixins.json could not be read. If this is a development environment you can ignore this message
[21Apr2025 23:39:15.231] [main/WARN] [mixin/]: Reference map 'cataclysm.refmap.json' for cataclysm.mixins.json could not be read. If this is a development environment you can ignore this message
[21Apr2025 23:39:15.232] [main/WARN] [mixin/]: Reference map 'patchouli.refmap.json' for patchouli_xplat.mixins.json could not be read. If this is a development environment you can ignore this message
[21Apr2025 23:39:15.233] [main/WARN] [mixin/]: Reference map 'allthearcanistgear.refmap.json' for allthearcanistgear.mixins.json could not be read. If this is a development environment you can ignore this message
[21Apr2025 23:39:15.237] [main/WARN] [ars_controle/]: Mixin plugin loaded
[21Apr2025 23:39:15.241] [main/WARN] [mixin/]: Reference map 'betterstrongholds.refmap.json' for betterstrongholds.mixins.json could not be read. If this is a development environment you can ignore this message
[21Apr2025 23:39:15.250] [main/WARN] [mixin/]: Reference map 'cupboard.refmap.json' for cupboard.mixins.json could not be read. If this is a development environment you can ignore this message
[21Apr2025 23:39:15.252] [main/WARN] [mixin/]: Reference map 'mixins.justdirethings.refmap.json' for mixins.justdirethings.json could not be read. If this is a development environment you can ignore this message
[21Apr2025 23:39:15.258] [main/WARN] [mixin/]: Reference map 'waystones.refmap.json' for waystones.mixins.json could not be read. If this is a development environment you can ignore this message
[21Apr2025 23:39:15.259] [main/WARN] [mixin/]: Reference map 'betterdeserttemples.refmap.json' for betterdeserttemples.mixins.json could not be read. If this is a development environment you can ignore this message
[21Apr2025 23:39:15.260] [main/WARN] [mixin/]: Reference map 'farsight.refmap.json' for farsight.mixins.json could not be read. If this is a development environment you can ignore this message
[21Apr2025 23:39:15.264] [main/WARN] [mixin/]: Reference map 'travelerstitles.refmap.json' for travelerstitles.mixins.json could not be read. If this is a development environment you can ignore this message
[21Apr2025 23:39:15.265] [main/WARN] [mixin/]: Reference map 'apothic_spawners.refmap.json' for apothic_spawners.mixins.json could not be read. If this is a development environment you can ignore this message
[21Apr2025 23:39:15.268] [main/WARN] [mixin/]: Reference map 'apotheosis.refmap.json' for apotheosis.mixins.json could not be read. If this is a development environment you can ignore this message
[21Apr2025 23:39:15.271] [main/WARN] [mixin/]: Reference map 'creativecore.mixins.refmap.json' for creativecore.mixins.json could not be read. If this is a development environment you can ignore this message
[21Apr2025 23:39:15.272] [main/WARN] [mixin/]: Reference map 'creativecore.mixins.refmap.json' for creativecore.forge.mixins.json could not be read. If this is a development environment you can ignore this message
[21Apr2025 23:39:15.284] [main/WARN] [mixin/]: Reference map 'ars_elemental.refmap.json' for ars_elemental.mixins.json could not be read. If this is a development environment you can ignore this message
[21Apr2025 23:39:15.285] [main/WARN] [mixin/]: Reference map 'ars_elemancy.refmap.json' for ars_elemancy.mixins.json could not be read. If this is a development environment you can ignore this message
[21Apr2025 23:39:15.290] [main/WARN] [mixin/]: Reference map 'not_enough_glyphs.refmap.json' for not_enough_glyphs.mixins.json could not be read. If this is a development environment you can ignore this message
[21Apr2025 23:39:15.291] [main/WARN] [mixin/]: Reference map 'betterchunkloading.refmap.json' for betterchunkloading.mixins.json could not be read. If this is a development environment you can ignore this message
[21Apr2025 23:39:15.338] [main/WARN] [mixin/]: Reference map '${refmap_target}refmap.json' for ferritecore.predicates.mixin.json could not be read. If this is a development environment you can ignore this message
[21Apr2025 23:39:15.340] [main/WARN] [mixin/]: Reference map '${refmap_target}refmap.json' for ferritecore.fastmap.mixin.json could not be read. If this is a development environment you can ignore this message
[21Apr2025 23:39:15.341] [main/WARN] [mixin/]: Reference map '${refmap_target}refmap.json' for ferritecore.mrl.mixin.json could not be read. If this is a development environment you can ignore this message
[21Apr2025 23:39:15.346] [main/WARN] [mixin/]: Reference map '${refmap_target}refmap.json' for ferritecore.dedupmultipart.mixin.json could not be read. If this is a development environment you can ignore this message
[21Apr2025 23:39:15.349] [main/WARN] [mixin/]: Reference map '${refmap_target}refmap.json' for ferritecore.blockstatecache.mixin.json could not be read. If this is a development environment you can ignore this message
[21Apr2025 23:39:15.352] [main/WARN] [mixin/]: Reference map '${refmap_target}refmap.json' for ferritecore.dedupbakedquad.mixin.json could not be read. If this is a development environment you can ignore this message
[21Apr2025 23:39:15.360] [main/WARN] [mixin/]: Reference map '${refmap_target}refmap.json' for ferritecore.threaddetec.mixin.json could not be read. If this is a development environment you can ignore this message
[21Apr2025 23:39:15.361] [main/WARN] [mixin/]: Reference map '${refmap_target}refmap.json' for ferritecore.modelsides.mixin.json could not be read. If this is a development environment you can ignore this message
[21Apr2025 23:39:15.362] [main/WARN] [mixin/]: Reference map '${refmap_target}refmap.json' for ferritecore.accessors.mixin.json could not be read. If this is a development environment you can ignore this message
[21Apr2025 23:39:15.362] [main/WARN] [mixin/]: Reference map 'yet_another_config_lib_v3.refmap.json' for yacl.mixins.json could not be read. If this is a development environment you can ignore this message
[21Apr2025 23:39:15.365] [main/WARN] [mixin/]: Reference map 'littletiles.mixins.refmap.json' for littletiles.mixins.json could not be read. If this is a development environment you can ignore this message
[21Apr2025 23:39:15.810] [main/INFO] [net.neoforged.coremod.CoreMod.apothic_enchanting/COREMODLOG]: Replaced 1 calls to Enchantment#getMaxLevel() in net/minecraft/world/item/enchantment/EnchantmentHelper
[21Apr2025 23:39:16.689] [main/ERROR] [net.neoforged.fml.common.asm.RuntimeDistCleaner/DISTXFORM]: Attempted to load class net/minecraft/client/gui/screens/Screen for invalid dist DEDICATED_SERVER
[21Apr2025 23:39:16.698] [main/WARN] [mixin/]: Error loading class: net/minecraft/client/gui/screens/Screen (java.lang.RuntimeException: Attempted to load class net/minecraft/client/gui/screens/Screen for invalid dist DEDICATED_SERVER)
[21Apr2025 23:39:16.699] [main/WARN] [mixin/]: @Mixin target net.minecraft.client.gui.screens.Screen was not found fabric-screen-api-v1.mixins.json:ScreenAccessor from mod fabric_screen_api_v1
[21Apr2025 23:39:16.902] [main/INFO] [net.neoforged.coremod.CoreMod.apothic_enchanting/COREMODLOG]: Replaced 2 calls to Enchantment#getMaxLevel() in net/minecraft/world/inventory/AnvilMenu
[21Apr2025 23:39:16.969] [main/INFO] [net.neoforged.coremod.CoreMod.apothic_enchanting/COREMODLOG]: Replaced 1 calls to Enchantment#getMaxLevel() in net/minecraft/world/item/enchantment/Enchantment
[21Apr2025 23:39:16.979] [main/WARN] [mixin/]: Error loading class: org/violetmoon/quark/content/tweaks/module/GoldToolsHaveFortuneModule (java.lang.ClassNotFoundException: org.violetmoon.quark.content.tweaks.module.GoldToolsHaveFortuneModule)
[21Apr2025 23:39:17.103] [main/INFO] [net.neoforged.coremod.CoreMod.apothic_enchanting/COREMODLOG]: Patching FishingHook#catchingFish
[21Apr2025 23:39:17.297] [main/INFO] [Lithium/]: Force-disabling mixin 'entity.collisions.intersection.EntityGetterMixin' as rule 'mixin.entity.collisions' (added by mods [littletiles]) disables it and children
[21Apr2025 23:39:17.298] [main/INFO] [Lithium/]: Force-disabling mixin 'entity.collisions.intersection.LevelMixin' as rule 'mixin.entity.collisions' (added by mods [littletiles]) disables it and children
[21Apr2025 23:39:17.300] [main/INFO] [Lithium/]: Force-disabling mixin 'entity.collisions.movement.EntityMixin' as rule 'mixin.entity.collisions' (added by mods [littletiles]) disables it and children
[21Apr2025 23:39:17.301] [main/INFO] [Lithium/]: Force-disabling mixin 'entity.collisions.unpushable_cramming.EntityMixin' as rule 'mixin.entity.collisions' (added by mods [littletiles]) disables it and children
[21Apr2025 23:39:17.302] [main/INFO] [Lithium/]: Force-disabling mixin 'entity.collisions.unpushable_cramming.EntitySectionMixin' as rule 'mixin.entity.collisions' (added by mods [littletiles]) disables it and children
[21Apr2025 23:39:17.303] [main/INFO] [Lithium/]: Force-disabling mixin 'entity.collisions.unpushable_cramming.EntitySelectorMixin' as rule 'mixin.entity.collisions' (added by mods [littletiles]) disables it and children
[21Apr2025 23:39:17.304] [main/INFO] [Lithium/]: Force-disabling mixin 'entity.collisions.unpushable_cramming.LivingEntityMixin' as rule 'mixin.entity.collisions' (added by mods [littletiles]) disables it and children
[21Apr2025 23:39:17.320] [main/INFO] [Lithium/]: Force-disabling mixin 'shapes.specialized_shapes.ShapesMixin' as rule 'mixin.shapes.specialized_shapes' (added by mods [littletiles]) disables it and children
[21Apr2025 23:39:17.321] [main/INFO] [Lithium/]: Force-disabling mixin 'shapes.specialized_shapes.VoxelShapeMixin' as rule 'mixin.shapes.specialized_shapes' (added by mods [littletiles]) disables it and children
[21Apr2025 23:39:17.657] [main/WARN] [com.recipeessentials.RecipeEssentials/]: Disabling fastItemComparison feature, due to the Owo mod's faulty implementation breaking it
[21Apr2025 23:39:17.662] [main/INFO] [com.cupboard.Cupboard/]: Loaded config for: recipeessentials.json
[21Apr2025 23:39:17.663] [main/WARN] [com.recipeessentials.RecipeEssentials/]: Disabling fastItemComparison feature, due to the Owo mod's faulty implementation breaking it
[21Apr2025 23:39:17.664] [main/WARN] [com.recipeessentials.RecipeEssentials/]: Disabling fastItemComparison feature, due to the Owo mod's faulty implementation breaking it
[21Apr2025 23:39:17.665] [main/WARN] [com.recipeessentials.RecipeEssentials/]: Disabling fastItemComparison feature, due to the Owo mod's faulty implementation breaking it
[21Apr2025 23:39:17.665] [main/WARN] [com.recipeessentials.RecipeEssentials/]: Disabling fastItemComparison feature, due to the Owo mod's faulty implementation breaking it
[21Apr2025 23:39:17.691] [main/INFO] [net.neoforged.coremod.CoreMod.apothic_enchanting/COREMODLOG]: Replaced 2 calls to Enchantment#getMaxLevel() in net/minecraft/server/commands/EnchantCommand
[21Apr2025 23:39:17.704] [main/INFO] [net.neoforged.coremod.CoreMod.apothic_enchanting/COREMODLOG]: Replaced 1 calls to Enchantment#getMaxLevel() in net/minecraft/world/level/storage/loot/functions/EnchantRandomlyFunction
[21Apr2025 23:39:17.739] [main/INFO] [com.cupboard.Cupboard/]: Loaded config for: structureessentials.json
[21Apr2025 23:39:17.779] [main/ERROR] [net.neoforged.fml.common.asm.RuntimeDistCleaner/DISTXFORM]: Attempted to load class net/minecraft/client/gui/screens/Screen for invalid dist DEDICATED_SERVER
[21Apr2025 23:39:17.782] [main/WARN] [mixin/]: Error loading class: net/minecraft/client/gui/screens/Screen (java.lang.RuntimeException: Attempted to load class net/minecraft/client/gui/screens/Screen for invalid dist DEDICATED_SERVER)
[21Apr2025 23:39:17.783] [main/WARN] [mixin/]: @Mixin target net.minecraft.client.gui.screens.Screen was not found relics.mixins.json:ScreenMixin from mod relics
[21Apr2025 23:39:17.812] [main/ERROR] [net.neoforged.fml.common.asm.RuntimeDistCleaner/DISTXFORM]: Attempted to load class net/minecraft/client/KeyMapping for invalid dist DEDICATED_SERVER
[21Apr2025 23:39:17.814] [main/WARN] [mixin/]: Error loading class: net/minecraft/client/KeyMapping (java.lang.RuntimeException: Attempted to load class net/minecraft/client/KeyMapping for invalid dist DEDICATED_SERVER)
[21Apr2025 23:39:17.814] [main/WARN] [mixin/]: @Mixin target net.minecraft.client.KeyMapping was not found nuggets.mixins.json:KeyMappingAccessor from mod nuggets
[21Apr2025 23:39:17.817] [main/ERROR] [net.neoforged.fml.common.asm.RuntimeDistCleaner/DISTXFORM]: Attempted to load class net/minecraft/client/gui/screens/Screen for invalid dist DEDICATED_SERVER
[21Apr2025 23:39:17.821] [main/WARN] [mixin/]: Error loading class: net/minecraft/client/gui/screens/Screen (java.lang.RuntimeException: Attempted to load class net/minecraft/client/gui/screens/Screen for invalid dist DEDICATED_SERVER)
[21Apr2025 23:39:17.822] [main/WARN] [mixin/]: @Mixin target net.minecraft.client.gui.screens.Screen was not found nuggets.mixins.json:ScreenAccessor from mod nuggets
[21Apr2025 23:39:18.002] [main/WARN] [mixin/]: Error loading class: net/minecraft/client/renderer/entity/PhantomRenderer (java.lang.ClassNotFoundException: net.minecraft.client.renderer.entity.PhantomRenderer)
[21Apr2025 23:39:18.003] [main/WARN] [mixin/]: @Mixin target net.minecraft.client.renderer.entity.PhantomRenderer was not found deeperdarker.mixins.json:PhantomRendererMixin from mod deeperdarker
[21Apr2025 23:39:18.088] [main/WARN] [mixin/]: Error loading class: com/mojang/blaze3d/vertex/BufferBuilder (java.lang.ClassNotFoundException: com.mojang.blaze3d.vertex.BufferBuilder)
[21Apr2025 23:39:18.088] [main/WARN] [mixin/]: @Mixin target com.mojang.blaze3d.vertex.BufferBuilder was not found owo.mixins.json:BufferBuilderAccessor from mod owo
[21Apr2025 23:39:18.109] [main/ERROR] [net.neoforged.fml.common.asm.RuntimeDistCleaner/DISTXFORM]: Attempted to load class net/minecraft/client/gui/screens/Screen for invalid dist DEDICATED_SERVER
[21Apr2025 23:39:18.162] [main/WARN] [mixin/]: Error loading class: net/minecraft/client/gui/screens/Screen (java.lang.RuntimeException: Attempted to load class net/minecraft/client/gui/screens/Screen for invalid dist DEDICATED_SERVER)
[21Apr2025 23:39:18.164] [main/WARN] [mixin/]: @Mixin target net.minecraft.client.gui.screens.Screen was not found owo.mixins.json:ScreenAccessor from mod owo
[21Apr2025 23:39:18.236] [main/WARN] [mixin/]: Error loading class: org/violetmoon/quark/content/tweaks/module/GoldToolsHaveFortuneModule (java.lang.ClassNotFoundException: org.violetmoon.quark.content.tweaks.module.GoldToolsHaveFortuneModule)
[21Apr2025 23:39:18.239] [main/ERROR] [net.neoforged.fml.common.asm.RuntimeDistCleaner/DISTXFORM]: Attempted to load class net/minecraft/client/gui/GuiGraphics for invalid dist DEDICATED_SERVER
[21Apr2025 23:39:18.240] [main/WARN] [mixin/]: Error loading class: net/minecraft/client/gui/GuiGraphics (java.lang.RuntimeException: Attempted to load class net/minecraft/client/gui/GuiGraphics for invalid dist DEDICATED_SERVER)
[21Apr2025 23:39:18.241] [main/WARN] [mixin/]: @Mixin target net.minecraft.client.gui.GuiGraphics was not found apotheosis.mixins.json:GuiGraphicsAccessor from mod apotheosis
[21Apr2025 23:39:18.592] [main/WARN] [mixin/]: Error loading class: com/mojang/blaze3d/platform/InputConstants$Key (java.lang.ClassNotFoundException: com.mojang.blaze3d.platform.InputConstants$Key)
[21Apr2025 23:39:19.057] [main/INFO] [MixinExtras|Service/]: Initializing MixinExtras via com.llamalad7.mixinextras.service.MixinExtrasServiceImpl(version=0.4.1).
[21Apr2025 23:39:20.061] [main/INFO] [net.minecraft.server.Bootstrap/]: ModernFix reached bootstrap stage (16.19 s after launch)
[21Apr2025 23:39:20.436] [main/INFO] [net.neoforged.coremod.CoreMod.apothic_enchanting/COREMODLOG]: Replaced 2 calls to Enchantment#getMaxLevel() in net/minecraft/world/item/CreativeModeTabs
[21Apr2025 23:39:20.548] [main/INFO] [net.neoforged.coremod.CoreMod.apothic_enchanting/COREMODLOG]: Replaced 2 calls to Enchantment#getMaxLevel() in net/minecraft/world/item/CreativeModeTabs
[21Apr2025 23:39:21.748] [main/WARN] [mixin/]: Method overwrite conflict for findFreePosition in littletiles.mixins.json:common.level.LevelMixin from mod littletiles, previously written by net.caffeinemc.mods.lithium.mixin.minimal_nonvanilla.collisions.empty_space.LevelMixin. Skipping method.
[21Apr2025 23:39:23.577] [main/WARN] [mixin/]: Static binding violation: PRIVATE @Overwrite method getTemperature in modernfix-common.mixins.json:perf.remove_biome_temperature_cache.BiomeMixin from mod modernfix cannot reduce visibiliy of PUBLIC target method, visibility will be upgraded.
[21Apr2025 23:39:23.580] [main/WARN] [mixin/]: Method overwrite conflict for getTemperature in lithium.mixins.json:world.temperature_cache.BiomeMixin from mod lithium, previously written by org.embeddedt.modernfix.common.mixin.perf.remove_biome_temperature_cache.BiomeMixin. Skipping method.
[21Apr2025 23:39:23.719] [main/INFO] [net.neoforged.coremod.CoreMod.apothic_enchanting/COREMODLOG]: Replaced 2 calls to Enchantment#getMaxLevel() in net/minecraft/world/inventory/AnvilMenu
[21Apr2025 23:39:24.393] [main/INFO] [net.neoforged.coremod.CoreMod.apothic_enchanting/COREMODLOG]: Replaced 1 calls to Enchantment#getMaxLevel() in net/minecraft/world/item/enchantment/Enchantment
[21Apr2025 23:39:24.583] [main/WARN] [mixin/]: Method overwrite conflict for scheduleRandomTick in corgilib-common.mixins.json:chunk.MixinChunkAccess from mod corgilib, previously written by dev.corgitaco.ohthetreesyoullgrow.mixin.chunk.MixinChunkAccess. Skipping method.
[21Apr2025 23:39:24.583] [main/WARN] [mixin/]: Method overwrite conflict for getScheduledRandomTicks in corgilib-common.mixins.json:chunk.MixinChunkAccess from mod corgilib, previously written by dev.corgitaco.ohthetreesyoullgrow.mixin.chunk.MixinChunkAccess. Skipping method.
[21Apr2025 23:39:25.950] [main/INFO] [net.neoforged.coremod.CoreMod.apothic_enchanting/COREMODLOG]: Patching FishingHook#catchingFish
[21Apr2025 23:39:26.522] [main/INFO] [net.neoforged.coremod.CoreMod.apothic_enchanting/COREMODLOG]: Replaced 1 calls to Enchantment#getMaxLevel() in net/minecraft/world/level/storage/loot/functions/EnchantRandomlyFunction
[21Apr2025 23:39:27.385] [main/INFO] [net.neoforged.coremod.CoreMod.apothic_enchanting/COREMODLOG]: Replaced 1 calls to Enchantment#getMaxLevel() in net/minecraft/world/item/enchantment/providers/SingleEnchantment
[21Apr2025 23:39:27.447] [main/INFO] [net.minecraft.server.Bootstrap/]: Vanilla bootstrap took 7384 milliseconds
[21Apr2025 23:39:27.675] [modloading-worker-0/ERROR] [Sky Aesthetics/]: Loaded config from file [bad_sky:sky_to_disable]
[21Apr2025 23:39:27.725] [modloading-worker-0/INFO] [net.neoforged.neoforge.common.NeoForgeMod/NEOFORGE-MOD]: NeoForge mod loading, version 21.1.145, for MC 1.21.1
[21Apr2025 23:39:28.120] [modloading-worker-0/INFO] [Puzzles Lib/]: Constructing common components for pickupnotifier:main
[21Apr2025 23:39:28.348] [modloading-worker-0/INFO] [noisium/]: Loading Noisium.
[21Apr2025 23:39:28.399] [modloading-worker-0/INFO] [Puzzles Lib/]: Constructing common components for enchantinginfuser:main
[21Apr2025 23:39:29.102] [modloading-worker-0/WARN] [mixin/]: Mixin apply for mod betterchunkloading failed betterchunkloading.mixins.json:ServerChunkCacheMixin from mod betterchunkloading -> net.minecraft.server.level.ServerChunkCache: org.spongepowered.asm.mixin.injection.throwables.InvalidInjectionException @At("INVOKE") on net/minecraft/server/level/ServerChunkCache::prioWaiting with priority 200 cannot inject into net/minecraft/server/level/ServerChunkCache::getChunk(IILnet/minecraft/world/level/chunk/status/ChunkStatus;Z)Lnet/minecraft/world/level/chunk/ChunkAccess; merged by net.caffeinemc.mods.lithium.mixin.world.chunk_access.ServerChunkCacheMixin with priority 1000 [redirect$ckc000$betterchunkloading$prioWaiting(Lnet/minecraft/server/level/ServerChunkCache;IILnet/minecraft/world/level/chunk/status/ChunkStatus;Z)Ljava/util/concurrent/CompletableFuture; -> Prepare ->  -> { target: getChunk(IILnet/minecraft/world/level/chunk/status/ChunkStatus;Z)Lnet/minecraft/world/level/chunk/ChunkAccess; }]
org.spongepowered.asm.mixin.injection.throwables.InvalidInjectionException: @At("INVOKE") on net/minecraft/server/level/ServerChunkCache::prioWaiting with priority 200 cannot inject into net/minecraft/server/level/ServerChunkCache::getChunk(IILnet/minecraft/world/level/chunk/status/ChunkStatus;Z)Lnet/minecraft/world/level/chunk/ChunkAccess; merged by net.caffeinemc.mods.lithium.mixin.world.chunk_access.ServerChunkCacheMixin with priority 1000 [redirect$ckc000$betterchunkloading$prioWaiting(Lnet/minecraft/server/level/ServerChunkCache;IILnet/minecraft/world/level/chunk/status/ChunkStatus;Z)Ljava/util/concurrent/CompletableFuture; -> Prepare ->  -> { target: getChunk(IILnet/minecraft/world/level/chunk/status/ChunkStatus;Z)Lnet/minecraft/world/level/chunk/ChunkAccess; }]
	at MC-BOOTSTRAP/org.spongepowered.mixin/org.spongepowered.asm.mixin.injection.code.Injector.findTargetNodes(Injector.java:312) ~[sponge-mixin-0.15.2+mixin.0.8.7.jar%2375!/:0.15.2+mixin.0.8.7]
	at MC-BOOTSTRAP/org.spongepowered.mixin/org.spongepowered.asm.mixin.injection.code.Injector.find(Injector.java:248) ~[sponge-mixin-0.15.2+mixin.0.8.7.jar%2375!/:0.15.2+mixin.0.8.7]
	at MC-BOOTSTRAP/org.spongepowered.mixin/org.spongepowered.asm.mixin.injection.struct.InjectionInfo.prepare(InjectionInfo.java:475) ~[sponge-mixin-0.15.2+mixin.0.8.7.jar%2375!/:0.15.2+mixin.0.8.7]
	at MC-BOOTSTRAP/org.spongepowered.mixin/org.spongepowered.asm.mixin.transformer.MixinTargetContext.prepareInjections(MixinTargetContext.java:1407) ~[sponge-mixin-0.15.2+mixin.0.8.7.jar%2375!/:0.15.2+mixin.0.8.7]
	at MC-BOOTSTRAP/org.spongepowered.mixin/org.spongepowered.asm.mixin.transformer.MixinApplicatorStandard.prepareInjections(MixinApplicatorStandard.java:731) ~[sponge-mixin-0.15.2+mixin.0.8.7.jar%2375!/:0.15.2+mixin.0.8.7]
	at MC-BOOTSTRAP/org.spongepowered.mixin/org.spongepowered.asm.mixin.transformer.MixinApplicatorStandard.applyMixin(MixinApplicatorStandard.java:315) ~[sponge-mixin-0.15.2+mixin.0.8.7.jar%2375!/:0.15.2+mixin.0.8.7]
	at MC-BOOTSTRAP/org.spongepowered.mixin/org.spongepowered.asm.mixin.transformer.MixinApplicatorStandard.apply(MixinApplicatorStandard.java:246) ~[sponge-mixin-0.15.2+mixin.0.8.7.jar%2375!/:0.15.2+mixin.0.8.7]
	at MC-BOOTSTRAP/org.spongepowered.mixin/org.spongepowered.asm.mixin.transformer.TargetClassContext.apply(TargetClassContext.java:437) ~[sponge-mixin-0.15.2+mixin.0.8.7.jar%2375!/:0.15.2+mixin.0.8.7]
	at MC-BOOTSTRAP/org.spongepowered.mixin/org.spongepowered.asm.mixin.transformer.TargetClassContext.applyMixins(TargetClassContext.java:418) ~[sponge-mixin-0.15.2+mixin.0.8.7.jar%2375!/:0.15.2+mixin.0.8.7]
	at MC-BOOTSTRAP/org.spongepowered.mixin/org.spongepowered.asm.mixin.transformer.MixinProcessor.applyMixins(MixinProcessor.java:363) ~[sponge-mixin-0.15.2+mixin.0.8.7.jar%2375!/:0.15.2+mixin.0.8.7]
	at MC-BOOTSTRAP/org.spongepowered.mixin/org.spongepowered.asm.mixin.transformer.MixinTransformer.transformClass(MixinTransformer.java:250) ~[sponge-mixin-0.15.2+mixin.0.8.7.jar%2375!/:0.15.2+mixin.0.8.7]
	at MC-BOOTSTRAP/org.spongepowered.mixin/org.spongepowered.asm.service.modlauncher.MixinTransformationHandler.processClass(MixinTransformationHandler.java:131) ~[sponge-mixin-0.15.2+mixin.0.8.7.jar%2375!/:0.15.2+mixin.0.8.7]
	at MC-BOOTSTRAP/org.spongepowered.mixin/org.spongepowered.asm.launch.MixinLaunchPluginLegacy.processClass(MixinLaunchPluginLegacy.java:131) ~[sponge-mixin-0.15.2+mixin.0.8.7.jar%2375!/:0.15.2+mixin.0.8.7]
	at MC-BOOTSTRAP/cpw.mods.modlauncher@11.0.4/cpw.mods.modlauncher.serviceapi.ILaunchPluginService.processClassWithFlags(ILaunchPluginService.java:156) ~[modlauncher-11.0.4.jar%2362!/:11.0.4+main.d2e20e43]
	at MC-BOOTSTRAP/cpw.mods.modlauncher@11.0.4/cpw.mods.modlauncher.LaunchPluginHandler.offerClassNodeToPlugins(LaunchPluginHandler.java:94) ~[modlauncher-11.0.4.jar%2362!/:?]
	at MC-BOOTSTRAP/cpw.mods.modlauncher@11.0.4/cpw.mods.modlauncher.ClassTransformer.transform(ClassTransformer.java:120) ~[modlauncher-11.0.4.jar%2362!/:?]
	at MC-BOOTSTRAP/cpw.mods.modlauncher@11.0.4/cpw.mods.modlauncher.TransformingClassLoader.maybeTransformClassBytes(TransformingClassLoader.java:57) ~[modlauncher-11.0.4.jar%2362!/:?]
	at cpw.mods.securejarhandler/cpw.mods.cl.ModuleClassLoader.readerToClass(ModuleClassLoader.java:190) ~[securejarhandler-3.0.8.jar:?]
	at cpw.mods.securejarhandler/cpw.mods.cl.ModuleClassLoader.lambda$findClass$20(ModuleClassLoader.java:298) ~[securejarhandler-3.0.8.jar:?]
	at cpw.mods.securejarhandler/cpw.mods.cl.ModuleClassLoader.loadFromModule(ModuleClassLoader.java:311) ~[securejarhandler-3.0.8.jar:?]
	at cpw.mods.securejarhandler/cpw.mods.cl.ModuleClassLoader.findClass(ModuleClassLoader.java:298) ~[securejarhandler-3.0.8.jar:?]
	at cpw.mods.securejarhandler/cpw.mods.cl.ModuleClassLoader.loadClass(ModuleClassLoader.java:214) ~[securejarhandler-3.0.8.jar:?]
	at java.base/java.lang.ClassLoader.loadClass(ClassLoader.java:526) ~[?:?]
	at java.base/java.lang.Class.getDeclaredMethods0(Native Method) ~[?:?]
	at java.base/java.lang.Class.privateGetDeclaredMethods(Class.java:3578) ~[?:?]
	at java.base/java.lang.Class.getDeclaredMethods(Class.java:2676) ~[?:?]
	at MC-BOOTSTRAP/net.neoforged.bus/net.neoforged.bus.EventBus.register(EventBus.java:85) ~[bus-8.0.2.jar%2367!/:?]
	at MC-BOOTSTRAP/fml_loader@4.0.38/net.neoforged.fml.javafmlmod.AutomaticEventSubscriber.lambda$inject$4(AutomaticEventSubscriber.java:60) ~[loader-4.0.38.jar%2360!/:4.0]
	at java.base/java.util.ArrayList.forEach(ArrayList.java:1596) ~[?:?]
	at MC-BOOTSTRAP/fml_loader@4.0.38/net.neoforged.fml.javafmlmod.AutomaticEventSubscriber.inject(AutomaticEventSubscriber.java:44) ~[loader-4.0.38.jar%2360!/:4.0]
	at MC-BOOTSTRAP/fml_loader@4.0.38/net.neoforged.fml.javafmlmod.FMLModContainer.constructMod(FMLModContainer.java:126) ~[loader-4.0.38.jar%2360!/:4.0]
	at MC-BOOTSTRAP/fml_loader@4.0.38/net.neoforged.fml.ModLoader.lambda$constructMods$3(ModLoader.java:153) ~[loader-4.0.38.jar%2360!/:4.0]
	at MC-BOOTSTRAP/fml_loader@4.0.38/net.neoforged.fml.ModLoader.lambda$dispatchParallelTask$7(ModLoader.java:231) ~[loader-4.0.38.jar%2360!/:4.0]
	at java.base/java.util.concurrent.CompletableFuture.uniHandle(CompletableFuture.java:934) [?:?]
	at java.base/java.util.concurrent.CompletableFuture$UniHandle.tryFire(CompletableFuture.java:911) [?:?]
	at java.base/java.util.concurrent.CompletableFuture$Completion.exec(CompletableFuture.java:483) [?:?]
	at java.base/java.util.concurrent.ForkJoinTask.doExec(ForkJoinTask.java:387) [?:?]
	at java.base/java.util.concurrent.ForkJoinPool$WorkQueue.topLevelExec(ForkJoinPool.java:1312) [?:?]
	at java.base/java.util.concurrent.ForkJoinPool.scan(ForkJoinPool.java:1843) [?:?]
	at java.base/java.util.concurrent.ForkJoinPool.runWorker(ForkJoinPool.java:1808) [?:?]
	at java.base/java.util.concurrent.ForkJoinWorkerThread.run(ForkJoinWorkerThread.java:188) [?:?]
[21Apr2025 23:39:29.843] [modloading-worker-0/INFO] [thedarkcolour.kotlinforforge.neoforge.test.KotlinForForge/]: Kotlin For Forge Enabled!
[21Apr2025 23:39:29.853] [modloading-worker-0/INFO] [Puzzles Lib/]: Constructing common components for puzzleslib:main
[21Apr2025 23:39:29.933] [modloading-worker-0/INFO] [Puzzles Lib/]: Constructing common components for illagerinvasion:main
[21Apr2025 23:39:30.553] [modloading-worker-0/INFO] [twilightforest.beanification.BeanContext/]: Starting Bean Context
[21Apr2025 23:39:30.834] [modloading-worker-0/INFO] [twilightforest.beanification.BeanContext/]: Bean Context loaded in 281 ms
[21Apr2025 23:39:31.281] [modloading-worker-0/INFO] [fzzy_config/]: Loaded config :emi_loot_config in 599ms
[21Apr2025 23:39:31.747] [modloading-worker-0/WARN] [supermartijn642corelib/]: Mod 'Chipped' is requesting registration helper for different modid 'rechiseled_chipped'!
[21Apr2025 23:39:31.795] [modloading-worker-0/INFO] [net.potionstudios.biomeswevegone.BiomesWeveGone/]: Registering Oh The Biomes We've Gone items
[21Apr2025 23:39:31.910] [modloading-worker-0/INFO] [net.potionstudios.biomeswevegone.BiomesWeveGone/]: Registering Oh The Biomes We've Gone Blocks
[21Apr2025 23:39:31.958] [modloading-worker-0/INFO] [net.potionstudios.biomeswevegone.BiomesWeveGone/]: Registering Oh The Biomes We've Gone Wood
[21Apr2025 23:39:31.961] [modloading-worker-0/INFO] [net.potionstudios.biomeswevegone.BiomesWeveGone/]: Registering Oh The Biomes We've Gone Block Entities
[21Apr2025 23:39:31.962] [modloading-worker-0/INFO] [net.potionstudios.biomeswevegone.BiomesWeveGone/]: Registering Oh The Biomes We've Gone Entities
[21Apr2025 23:39:31.964] [modloading-worker-0/INFO] [net.potionstudios.biomeswevegone.BiomesWeveGone/]: Registering Oh The Biomes We've Gone Creative Tabs
[21Apr2025 23:39:31.970] [modloading-worker-0/INFO] [net.potionstudios.biomeswevegone.BiomesWeveGone/]: Registering Oh The Biomes We've Gone Sounds
[21Apr2025 23:39:31.973] [modloading-worker-0/INFO] [net.potionstudios.biomeswevegone.BiomesWeveGone/]: Registering Oh The Biomes We've Gone Block Predicate
[21Apr2025 23:39:31.979] [modloading-worker-0/INFO] [net.potionstudios.biomeswevegone.BiomesWeveGone/]: Registering Oh The Biomes We've Gone State Providers
[21Apr2025 23:39:31.986] [modloading-worker-0/INFO] [net.potionstudios.biomeswevegone.BiomesWeveGone/]: Registering Oh The Biomes We've Gone Tree Decorators
[21Apr2025 23:39:31.995] [modloading-worker-0/INFO] [Collective/]: Loading Collective version 8.3.
[21Apr2025 23:39:31.998] [modloading-worker-0/INFO] [net.potionstudios.biomeswevegone.BiomesWeveGone/]: Registering Oh The Biomes We've Gone Custom Features
[21Apr2025 23:39:32.002] [modloading-worker-0/INFO] [net.potionstudios.biomeswevegone.BiomesWeveGone/]: Registering Oh The Biomes We've Gone Structure Pieces
[21Apr2025 23:39:32.005] [modloading-worker-0/INFO] [net.potionstudios.biomeswevegone.BiomesWeveGone/]: Registering Oh The Biomes We've Gone Custom Structure Types
[21Apr2025 23:39:32.010] [modloading-worker-0/INFO] [net.potionstudios.biomeswevegone.BiomesWeveGone/]: Registering Oh The Biomes We've Gone Configured Features
[21Apr2025 23:39:32.036] [modloading-worker-0/INFO] [net.potionstudios.biomeswevegone.BiomesWeveGone/]: Creating and Registering Overworld Vegetation Configured Features
[21Apr2025 23:39:32.135] [modloading-worker-0/INFO] [net.potionstudios.biomeswevegone.BiomesWeveGone/]: Registering Oh The Biomes We've Gone Tree Configured Features
[21Apr2025 23:39:32.137] [modloading-worker-0/INFO] [net.potionstudios.biomeswevegone.BiomesWeveGone/]: Creating and Registering Vanilla Configured Features
[21Apr2025 23:39:32.143] [modloading-worker-0/INFO] [net.potionstudios.biomeswevegone.BiomesWeveGone/]: Registering Oh The Biomes You'll Go Overworld Configured Features
[21Apr2025 23:39:32.151] [modloading-worker-0/INFO] [net.potionstudios.biomeswevegone.BiomesWeveGone/]: Registering Oh The Biomes We've Gone Placed Features
[21Apr2025 23:39:32.176] [modloading-worker-0/INFO] [com.cupboard.Cupboard/]: Loaded config for: cupboard.json
[21Apr2025 23:39:32.189] [modloading-worker-0/INFO] [net.potionstudios.biomeswevegone.BiomesWeveGone/]: Creating and Registering Overworld Tree Placed Features
[21Apr2025 23:39:32.207] [modloading-worker-0/INFO] [net.potionstudios.biomeswevegone.BiomesWeveGone/]: Creating and Registering Overworld Vegetation Placed Features
[21Apr2025 23:39:32.212] [modloading-worker-0/INFO] [net.potionstudios.biomeswevegone.BiomesWeveGone/]: Creating and Registering Vanilla Placed Features
[21Apr2025 23:39:32.216] [modloading-worker-0/INFO] [net.potionstudios.biomeswevegone.BiomesWeveGone/]: Registering Oh The Biomes We've Gone Custom Surface Rules
[21Apr2025 23:39:32.227] [modloading-worker-0/INFO] [net.potionstudios.biomeswevegone.BiomesWeveGone/]: Registering Oh The Biomes We've Gone Template Pools
[21Apr2025 23:39:32.253] [modloading-worker-0/INFO] [net.potionstudios.biomeswevegone.BiomesWeveGone/]: Registering Oh The Biome's We've Gone Village Template Pools
[21Apr2025 23:39:32.254] [modloading-worker-0/INFO] [net.potionstudios.biomeswevegone.BiomesWeveGone/]: Registering Oh The Biomes We've Gone Poi Types
[21Apr2025 23:39:32.254] [modloading-worker-0/INFO] [net.potionstudios.biomeswevegone.BiomesWeveGone/]: Registering Oh The Biomes We've Gone Villager Professions
[21Apr2025 23:39:32.256] [modloading-worker-0/INFO] [net.potionstudios.biomeswevegone.BiomesWeveGone/]: Registering Oh The Biomes We've Gone Custom Structure Processors
[21Apr2025 23:39:32.416] [modloading-worker-0/INFO] [owo/]: glisco: I like this approach, cause it's stateless. And stateless approaches are always good since state management is pain - BasiqueEvangelist: I like french bread
[21Apr2025 23:39:32.878] [modloading-worker-0/INFO] [oritech/]: Begin Oritech initialization
[21Apr2025 23:39:32.933] [modloading-worker-0/INFO] [Dungeon Crawl/]: Here we go! Launching Dungeon Crawl 2.3.15...
[21Apr2025 23:39:32.976] [modloading-worker-0/INFO] [Puzzles Lib/]: Constructing common components for magnumtorch:main
[21Apr2025 23:39:33.030] [modloading-worker-0/INFO] [oritech/]: Oritech initialization complete
[21Apr2025 23:39:33.330] [modloading-worker-0/INFO] [YetAnotherConfigLib/]: Deserializing YACLConfig from '/workspaces/Mundo/servidor_minecraft/config/yacl.json5'
[21Apr2025 23:39:37.263] [modloading-sync-worker/INFO] [evilcraft/]: 2205 possible Broom base combinations are ready for flying!
[21Apr2025 23:39:38.917] [modloading-worker-0/INFO] [integrateddynamics/]: Registered packet handler.
[21Apr2025 23:39:38.935] [modloading-worker-0/INFO] [mekanism.common.Mekanism/]: Version 10.7.13 initializing...
[21Apr2025 23:39:38.938] [modloading-worker-0/INFO] [evilcraft/]: Registered packet handler.
[21Apr2025 23:39:38.946] [modloading-worker-0/INFO] [mekanism.common.Mekanism/]: Initialized HolidayManager.
[21Apr2025 23:39:38.951] [NeoForge Version Check/INFO] [net.neoforged.fml.VersionChecker/]: [integratedterminals] Starting version check at https://raw.githubusercontent.com/CyclopsMC/Versions/master/neoforge_update/integrated-terminals.json
[21Apr2025 23:39:38.970] [modloading-worker-0/INFO] [com.chunksending.ChunkSending/]: chunksending mod initialized
[21Apr2025 23:39:38.982] [modloading-worker-0/INFO] [mekanism.common.Mekanism/]: Fake player readout: UUID = 46e82cd0-d480-3d48-800a-77431ede078e, name = [Mekanism]
[21Apr2025 23:39:38.982] [modloading-worker-0/INFO] [mekanism.common.Mekanism/]: Mod loaded.
[21Apr2025 23:39:38.982] [modloading-worker-0/INFO] [mekanism.common.Mekanism/]: Loaded 'Mekanism: Generators' module.
[21Apr2025 23:39:38.983] [modloading-worker-0/INFO] [mekanism.common.Mekanism/]: Loaded 'Mekanism: Additions' module.
[21Apr2025 23:39:38.984] [modloading-worker-0/INFO] [mekanism.common.Mekanism/]: Loaded 'Mekanism: Tools' module.
[21Apr2025 23:39:38.984] [modloading-worker-0/INFO] [com.structureessentials.StructureEssentials/]: structureessentials mod initialized
[21Apr2025 23:39:38.998] [modloading-worker-0/INFO] [com.lootintegrations.LootintegrationsMod/]: lootintegrations mod initialized
[21Apr2025 23:39:39.022] [modloading-worker-0/INFO] [integrateddynamics/]: Registered packet handler.
[21Apr2025 23:39:39.055] [modloading-worker-0/INFO] [integrateddynamicscompat/]: Registered packet handler.
[21Apr2025 23:39:39.055] [modloading-worker-0/INFO] [com.farsight.FarsightMod/]: farsight_view mod initialized
[21Apr2025 23:39:39.101] [modloading-worker-0/INFO] [com.betterchunkloading.BetterChunkLoading/]: betterchunkloading mod initialized
[21Apr2025 23:39:39.236] [NeoForge Version Check/INFO] [net.neoforged.fml.VersionChecker/]: [integratedterminals] Found status: UP_TO_DATE Current: 1.6.10 Target: null
[21Apr2025 23:39:39.238] [NeoForge Version Check/INFO] [net.neoforged.fml.VersionChecker/]: [evilcraft] Starting version check at https://raw.githubusercontent.com/CyclopsMC/Versions/master/neoforge_update/evilcraft.json
[21Apr2025 23:39:39.580] [NeoForge Version Check/INFO] [net.neoforged.fml.VersionChecker/]: [evilcraft] Found status: UP_TO_DATE Current: 1.2.69 Target: null
[21Apr2025 23:39:39.580] [NeoForge Version Check/INFO] [net.neoforged.fml.VersionChecker/]: [pickupnotifier] Starting version check at https://raw.githubusercontent.com/Fuzss/modresources/main/update/pickupnotifier.json
[21Apr2025 23:39:39.590] [NeoForge Version Check/INFO] [net.neoforged.fml.VersionChecker/]: [pickupnotifier] Found status: UP_TO_DATE Current: 21.1.1 Target: null
[21Apr2025 23:39:39.590] [NeoForge Version Check/INFO] [net.neoforged.fml.VersionChecker/]: [ctov] Starting version check at https://api.modrinth.com/updates/fgmhI8kH/forge_updates.json
[21Apr2025 23:39:39.720] [modloading-sync-worker/INFO] [terrablender/]: Registered region minecraft:overworld to index 0 for type OVERWORLD
[21Apr2025 23:39:39.721] [modloading-sync-worker/INFO] [terrablender/]: Registered region minecraft:nether to index 0 for type NETHER
[21Apr2025 23:39:39.721] [modloading-sync-worker/INFO] [terrablender/]: Registered region ars_nouveau:overworld to index 1 for type OVERWORLD
[21Apr2025 23:39:39.800] [modloading-sync-worker/INFO] [terrablender/]: Registered region biomeswevegone:region_0 to index 2 for type OVERWORLD
[21Apr2025 23:39:39.800] [modloading-sync-worker/INFO] [terrablender/]: Registered region biomeswevegone:region_1 to index 3 for type OVERWORLD
[21Apr2025 23:39:39.800] [modloading-sync-worker/INFO] [terrablender/]: Registered region biomeswevegone:region_2 to index 4 for type OVERWORLD
[21Apr2025 23:39:39.819] [modloading-sync-worker/INFO] [terrablender/]: Registered region integrateddynamics:overworld to index 5 for type OVERWORLD
[21Apr2025 23:39:39.825] [modloading-worker-0/INFO] [xaero.minimap.XaeroMinimap/]: Loading Xaero's Minimap - Stage 1/2 (Server)
[21Apr2025 23:39:39.826] [modloading-worker-0/INFO] [xaero.map.server.WorldMapServer/]: Loading Xaero's World Map - Stage 1/2 (Server)
[21Apr2025 23:39:39.827] [modloading-sync-worker/INFO] [xaero.minimap.XaeroMinimap/]: Loading Xaero's Minimap - Stage 2/2 (Server)
[21Apr2025 23:39:39.828] [modloading-sync-worker/INFO] [xaero.map.server.WorldMapServer/]: Loading Xaero's World Map - Stage 2/2 (Server)
[21Apr2025 23:39:39.851] [NeoForge Version Check/INFO] [net.neoforged.fml.VersionChecker/]: [ctov] Found status: BETA Current: 3.5.7a Target: null
[21Apr2025 23:39:39.852] [NeoForge Version Check/INFO] [net.neoforged.fml.VersionChecker/]: [integratedscripting] Starting version check at https://raw.githubusercontent.com/CyclopsMC/Versions/master/neoforge_update/integrated-scripting.json
[21Apr2025 23:39:39.946] [NeoForge Version Check/INFO] [net.neoforged.fml.VersionChecker/]: [integratedscripting] Found status: UP_TO_DATE Current: 1.0.17 Target: null
[21Apr2025 23:39:39.946] [NeoForge Version Check/INFO] [net.neoforged.fml.VersionChecker/]: [tombstone] Starting version check at https://raw.githubusercontent.com/Corail31/tombstone_lite/master/neoforge-update.json
[21Apr2025 23:39:39.951] [modloading-sync-worker/INFO] [net.creeperhost.polylib.PolyLib/]: =====Registering Capabilities=====
[21Apr2025 23:39:39.954] [modloading-sync-worker/INFO] [net.creeperhost.polylib.PolyLib/]: Adding EnergyStore Item to item.shrink.shrinking_device
[21Apr2025 23:39:40.099] [NeoForge Version Check/INFO] [net.neoforged.fml.VersionChecker/]: [tombstone] Found status: UP_TO_DATE Current: 9.2.9 Target: null
[21Apr2025 23:39:40.099] [NeoForge Version Check/INFO] [net.neoforged.fml.VersionChecker/]: [enchantinginfuser] Starting version check at https://raw.githubusercontent.com/Fuzss/modresources/main/update/enchantinginfuser.json
[21Apr2025 23:39:40.131] [modloading-worker-0/INFO] [snownee.jade.Jade/]: Start loading plugin from dev.shadowsoffire.gateways.compat.GatewayJadePlugin
[21Apr2025 23:39:40.138] [modloading-worker-0/INFO] [snownee.jade.Jade/]: Start loading plugin from net.blay09.mods.balm.neoforge.compat.hudinfo.NeoForgeJadeModCompat
[21Apr2025 23:39:40.139] [modloading-worker-0/INFO] [snownee.jade.Jade/]: Start loading plugin from dev.shadowsoffire.apothic_enchanting.compat.EnchJadePlugin
[21Apr2025 23:39:40.141] [modloading-worker-0/INFO] [snownee.jade.Jade/]: Start loading plugin from ovh.corail.tombstone.compatibility.IntegrationJade
[21Apr2025 23:39:40.143] [modloading-worker-0/INFO] [snownee.jade.Jade/]: Start loading plugin from mekanism.common.integration.lookingat.jade.MekanismJadePlugin
[21Apr2025 23:39:40.145] [modloading-worker-0/INFO] [snownee.jade.Jade/]: Start loading plugin from org.cyclops.integrateddynamicscompat.modcompat.jade.JadeIntegratedDynamicsConfig
[21Apr2025 23:39:40.149] [modloading-worker-0/INFO] [snownee.jade.Jade/]: Start loading plugin from com.hollingsworth.arsnouveau.client.waila.WailaArsNouveauPlugin
[21Apr2025 23:39:40.150] [modloading-worker-0/INFO] [snownee.jade.Jade/]: Start loading plugin from twilightforest.compat.jade.JadeCompat
[21Apr2025 23:39:40.151] [modloading-worker-0/INFO] [snownee.jade.Jade/]: Start loading plugin from rearth.oritech.init.compat.jade.OritechJadePlugin
[21Apr2025 23:39:40.152] [modloading-worker-0/INFO] [oritech/]: Registering Jade providers
[21Apr2025 23:39:40.153] [modloading-worker-0/INFO] [snownee.jade.Jade/]: Start loading plugin from net.p3pp3rf1y.sophisticatedstorage.compat.jade.StorageJadePlugin
[21Apr2025 23:39:40.154] [modloading-worker-0/INFO] [snownee.jade.Jade/]: Start loading plugin from net.blay09.mods.waystones.compat.JadeIntegration
[21Apr2025 23:39:40.155] [modloading-worker-0/INFO] [snownee.jade.Jade/]: Start loading plugin from dev.shadowsoffire.apothic_spawners.compat.SpawnerHwylaPlugin
[21Apr2025 23:39:40.156] [modloading-worker-0/INFO] [snownee.jade.Jade/]: Start loading plugin from dev.shadowsoffire.apotheosis.compat.AdventureHwylaPlugin
[21Apr2025 23:39:40.158] [modloading-worker-0/INFO] [snownee.jade.Jade/]: Start loading plugin from snownee.jade.addon.vanilla.VanillaPlugin
[21Apr2025 23:39:40.171] [modloading-worker-0/INFO] [snownee.jade.Jade/]: Start loading plugin from snownee.jade.addon.universal.UniversalPlugin
[21Apr2025 23:39:40.175] [modloading-worker-0/INFO] [snownee.jade.Jade/]: Start loading plugin from snownee.jade.addon.debug.DebugPlugin
[21Apr2025 23:39:40.176] [modloading-worker-0/INFO] [snownee.jade.Jade/]: Start loading plugin from snownee.jade.addon.core.CorePlugin
[21Apr2025 23:39:40.177] [modloading-worker-0/INFO] [snownee.jade.Jade/]: Start loading plugin from snownee.jade.addon.access.AccessibilityPlugin
[21Apr2025 23:39:40.186] [NeoForge Version Check/INFO] [net.neoforged.fml.VersionChecker/]: [enchantinginfuser] Found status: UP_TO_DATE Current: 21.1.0 Target: null
[21Apr2025 23:39:40.186] [NeoForge Version Check/INFO] [net.neoforged.fml.VersionChecker/]: [integratedcrafting] Starting version check at https://raw.githubusercontent.com/CyclopsMC/Versions/master/neoforge_update/integrated-crafting.json
[21Apr2025 23:39:40.271] [NeoForge Version Check/INFO] [net.neoforged.fml.VersionChecker/]: [integratedcrafting] Found status: UP_TO_DATE Current: 1.1.16 Target: null
[21Apr2025 23:39:40.272] [NeoForge Version Check/INFO] [net.neoforged.fml.VersionChecker/]: [integrateddynamics] Starting version check at https://raw.githubusercontent.com/CyclopsMC/Versions/master/neoforge_update/integrated-dynamics.json
[21Apr2025 23:39:40.356] [NeoForge Version Check/INFO] [net.neoforged.fml.VersionChecker/]: [integrateddynamics] Found status: UP_TO_DATE Current: 1.25.12 Target: null
[21Apr2025 23:39:40.357] [NeoForge Version Check/INFO] [net.neoforged.fml.VersionChecker/]: [puzzleslib] Starting version check at https://raw.githubusercontent.com/Fuzss/modresources/main/update/puzzleslib.json
[21Apr2025 23:39:40.363] [NeoForge Version Check/INFO] [net.neoforged.fml.VersionChecker/]: [puzzleslib] Found status: UP_TO_DATE Current: 21.1.33 Target: null
[21Apr2025 23:39:40.363] [NeoForge Version Check/INFO] [net.neoforged.fml.VersionChecker/]: [cyclopscore] Starting version check at https://raw.githubusercontent.com/CyclopsMC/Versions/master/neoforge_update/cyclops-core.json
[21Apr2025 23:39:40.392] [modloading-sync-worker/INFO] [CorgiLib/]: Initializing network...
[21Apr2025 23:39:40.396] [modloading-sync-worker/INFO] [CorgiLib/]: Initialized network!
[21Apr2025 23:39:40.450] [NeoForge Version Check/INFO] [net.neoforged.fml.VersionChecker/]: [cyclopscore] Found status: UP_TO_DATE Current: 1.25.9 Target: null
[21Apr2025 23:39:40.450] [NeoForge Version Check/INFO] [net.neoforged.fml.VersionChecker/]: [illagerinvasion] Starting version check at https://raw.githubusercontent.com/Fuzss/modresources/main/update/illagerinvasion.json
[21Apr2025 23:39:40.456] [NeoForge Version Check/INFO] [net.neoforged.fml.VersionChecker/]: [illagerinvasion] Found status: UP_TO_DATE Current: 21.1.4 Target: null
[21Apr2025 23:39:40.457] [NeoForge Version Check/INFO] [net.neoforged.fml.VersionChecker/]: [prism] Starting version check at https://mc-update-check.anthonyhilyard.com/638111
[21Apr2025 23:39:41.007] [NeoForge Version Check/INFO] [net.neoforged.fml.VersionChecker/]: [prism] Found status: UP_TO_DATE Current: 1.0.11 Target: null
[21Apr2025 23:39:41.010] [NeoForge Version Check/INFO] [net.neoforged.fml.VersionChecker/]: [twilightforest] Starting version check at https://gh.tamaized.com/TeamTwilight/twilightforest/update.json?m=1.21.1&l=NeoForge&v=21.1.145
[21Apr2025 23:39:41.019] [main/INFO] [com.mojang.authlib.yggdrasil.YggdrasilAuthenticationService/]: Environment: Environment[sessionHost=https://sessionserver.mojang.com, servicesHost=https://api.minecraftservices.com, name=PROD]
[21Apr2025 23:39:41.205] [main/WARN] [net.minecraft.server.packs.VanillaPackResourcesBuilder/]: Assets URL 'union:/workspaces/Mundo/servidor_minecraft/libraries/net/minecraft/server/1.21.1-20240808.144430/server-1.21.1-20240808.144430-srg.jar%23287!/assets/.mcassetsroot' uses unexpected schema
[21Apr2025 23:39:41.205] [main/WARN] [net.minecraft.server.packs.VanillaPackResourcesBuilder/]: Assets URL 'union:/workspaces/Mundo/servidor_minecraft/libraries/net/minecraft/server/1.21.1-20240808.144430/server-1.21.1-20240808.144430-srg.jar%23287!/data/.mcassetsroot' uses unexpected schema
[21Apr2025 23:39:41.238] [main/ERROR] [net.minecraft.server.packs.AbstractPackResources/]: Couldn't load fabric:overlays metadata
com.google.gson.JsonParseException: Unknown resource condition key: tectonic:config
	at MC-BOOTSTRAP/datafixerupper@8.0.16/com.mojang.serialization.DataResult$Error.getOrThrow(DataResult.java:287) ~[datafixerupper-8.0.16.jar%23102!/:?]
	at TRANSFORMER/minecraft@1.21.1/net.minecraft.server.packs.metadata.MetadataSectionType$1.fromJson(MetadataSectionType.java:20) ~[server-1.21.1-20240808.144430-srg.jar%23287!/:?]
	at TRANSFORMER/minecraft@1.21.1/net.minecraft.server.packs.AbstractPackResources.getMetadataFromStream(AbstractPackResources.java:54) ~[server-1.21.1-20240808.144430-srg.jar%23287!/:?]
	at TRANSFORMER/minecraft@1.21.1/net.minecraft.server.packs.AbstractPackResources.getMetadataSection(AbstractPackResources.java:33) ~[server-1.21.1-20240808.144430-srg.jar%23287!/:?]
	at TRANSFORMER/minecraft@1.21.1/net.minecraft.server.packs.repository.Pack.localvar$bfk000$fabric_resource_conditions_api_v1$applyOverlayConditions(Pack.java:536) ~[server-1.21.1-20240808.144430-srg.jar%23287!/:?]
	at TRANSFORMER/minecraft@1.21.1/net.minecraft.server.packs.repository.Pack.readPackMetadata(Pack.java:95) ~[server-1.21.1-20240808.144430-srg.jar%23287!/:?]
	at TRANSFORMER/minecraft@1.21.1/net.minecraft.server.packs.repository.Pack.readMetaAndCreate(Pack.java:40) ~[server-1.21.1-20240808.144430-srg.jar%23287!/:?]
	at TRANSFORMER/tectonic@3.0.0+beta2/dev.worldgen.tectonic.loaders.neoforge.TectonicNeoforge.registerEnabledPacks(TectonicNeoforge.java:58) ~[tectonic-3.0.0+beta2.jar%23431!/:?]
	at MC-BOOTSTRAP/net.neoforged.bus/net.neoforged.bus.ConsumerEventHandler.invoke(ConsumerEventHandler.java:26) ~[bus-8.0.2.jar%2367!/:?]
	at MC-BOOTSTRAP/net.neoforged.bus/net.neoforged.bus.EventBus.post(EventBus.java:350) ~[bus-8.0.2.jar%2367!/:?]
	at MC-BOOTSTRAP/net.neoforged.bus/net.neoforged.bus.EventBus.post(EventBus.java:329) ~[bus-8.0.2.jar%2367!/:?]
	at MC-BOOTSTRAP/fml_loader@4.0.38/net.neoforged.fml.ModContainer.acceptEvent(ModContainer.java:177) ~[loader-4.0.38.jar%2360!/:4.0]
	at MC-BOOTSTRAP/fml_loader@4.0.38/net.neoforged.fml.ModLoader.lambda$postEvent$13(ModLoader.java:358) ~[loader-4.0.38.jar%2360!/:4.0]
	at java.base/java.lang.Iterable.forEach(Iterable.java:75) ~[?:?]
	at MC-BOOTSTRAP/fml_loader@4.0.38/net.neoforged.fml.ModList.forEachModInOrder(ModList.java:174) ~[loader-4.0.38.jar%2360!/:4.0]
	at MC-BOOTSTRAP/fml_loader@4.0.38/net.neoforged.fml.ModLoader.postEvent(ModLoader.java:358) ~[loader-4.0.38.jar%2360!/:4.0]
	at TRANSFORMER/neoforge@21.1.145/net.neoforged.neoforge.resource.ResourcePackLoader.populatePackRepository(ResourcePackLoader.java:74) ~[neoforge-21.1.145-universal.jar%23288!/:?]
	at TRANSFORMER/minecraft@1.21.1/net.minecraft.server.packs.repository.ServerPacksSource.createPackRepository(ServerPacksSource.java:76) ~[server-1.21.1-20240808.144430-srg.jar%23287!/:?]
	at TRANSFORMER/minecraft@1.21.1/net.minecraft.server.packs.repository.ServerPacksSource.createPackRepository(ServerPacksSource.java:87) ~[server-1.21.1-20240808.144430-srg.jar%23287!/:?]
	at TRANSFORMER/minecraft@1.21.1/net.minecraft.server.Main.main(Main.java:190) ~[server-1.21.1-20240808.144430-srg.jar%23287!/:?]
	at java.base/jdk.internal.reflect.DirectMethodHandleAccessor.invoke(DirectMethodHandleAccessor.java:103) ~[?:?]
	at java.base/java.lang.reflect.Method.invoke(Method.java:580) ~[?:?]
	at MC-BOOTSTRAP/fml_loader@4.0.38/net.neoforged.fml.loading.targets.CommonLaunchHandler.runTarget(CommonLaunchHandler.java:136) ~[loader-4.0.38.jar%2360!/:4.0]
	at MC-BOOTSTRAP/fml_loader@4.0.38/net.neoforged.fml.loading.targets.CommonLaunchHandler.serverService(CommonLaunchHandler.java:128) ~[loader-4.0.38.jar%2360!/:4.0]
	at MC-BOOTSTRAP/fml_loader@4.0.38/net.neoforged.fml.loading.targets.CommonServerLaunchHandler.runService(CommonServerLaunchHandler.java:32) ~[loader-4.0.38.jar%2360!/:4.0]
	at MC-BOOTSTRAP/fml_loader@4.0.38/net.neoforged.fml.loading.targets.CommonLaunchHandler.lambda$launchService$4(CommonLaunchHandler.java:118) ~[loader-4.0.38.jar%2360!/:4.0]
	at MC-BOOTSTRAP/cpw.mods.modlauncher@11.0.4/cpw.mods.modlauncher.LaunchServiceHandlerDecorator.launch(LaunchServiceHandlerDecorator.java:30) [modlauncher-11.0.4.jar%2362!/:?]
	at MC-BOOTSTRAP/cpw.mods.modlauncher@11.0.4/cpw.mods.modlauncher.LaunchServiceHandler.launch(LaunchServiceHandler.java:53) [modlauncher-11.0.4.jar%2362!/:?]
	at MC-BOOTSTRAP/cpw.mods.modlauncher@11.0.4/cpw.mods.modlauncher.LaunchServiceHandler.launch(LaunchServiceHandler.java:71) [modlauncher-11.0.4.jar%2362!/:?]
	at MC-BOOTSTRAP/cpw.mods.modlauncher@11.0.4/cpw.mods.modlauncher.Launcher.run(Launcher.java:103) [modlauncher-11.0.4.jar%2362!/:?]
	at MC-BOOTSTRAP/cpw.mods.modlauncher@11.0.4/cpw.mods.modlauncher.Launcher.main(Launcher.java:74) [modlauncher-11.0.4.jar%2362!/:?]
	at MC-BOOTSTRAP/cpw.mods.modlauncher@11.0.4/cpw.mods.modlauncher.BootstrapLaunchConsumer.accept(BootstrapLaunchConsumer.java:26) [modlauncher-11.0.4.jar%2362!/:?]
	at MC-BOOTSTRAP/cpw.mods.modlauncher@11.0.4/cpw.mods.modlauncher.BootstrapLaunchConsumer.accept(BootstrapLaunchConsumer.java:23) [modlauncher-11.0.4.jar%2362!/:?]
	at cpw.mods.bootstraplauncher@2.0.2/cpw.mods.bootstraplauncher.BootstrapLauncher.run(BootstrapLauncher.java:210) [bootstraplauncher-2.0.2.jar:?]
	at cpw.mods.bootstraplauncher@2.0.2/cpw.mods.bootstraplauncher.BootstrapLauncher.main(BootstrapLauncher.java:69) [bootstraplauncher-2.0.2.jar:?]
	at java.base/jdk.internal.reflect.DirectMethodHandleAccessor.invoke(DirectMethodHandleAccessor.java:103) ~[?:?]
	at java.base/java.lang.reflect.Method.invoke(Method.java:580) ~[?:?]
	at net.neoforged.serverstarterjar.Main.mainLaunch(Main.java:300) [neoforge.jar:0.1.30]
	at net.neoforged.serverstarterjar.Main.main(Main.java:79) [neoforge.jar:0.1.30]
	at java.base/jdk.internal.reflect.DirectMethodHandleAccessor.invoke(DirectMethodHandleAccessor.java:103) ~[?:?]
	at java.base/java.lang.reflect.Method.invoke(Method.java:580) ~[?:?]
	at net.neoforged.serverstarterjar.Main8.main(Main8.java:19) [neoforge.jar:0.1.30]
[21Apr2025 23:39:41.290] [main/ERROR] [net.minecraft.server.packs.AbstractPackResources/]: Couldn't load pack metadata
com.google.gson.JsonParseException: java.io.EOFException: End of input at line 1 column 1 path $
	at TRANSFORMER/minecraft@1.21.1/net.minecraft.util.GsonHelper.fromNullableJson(GsonHelper.java:527) ~[server-1.21.1-20240808.144430-srg.jar%23287!/:?]
	at TRANSFORMER/minecraft@1.21.1/net.minecraft.util.GsonHelper.fromJson(GsonHelper.java:532) ~[server-1.21.1-20240808.144430-srg.jar%23287!/:?]
	at TRANSFORMER/minecraft@1.21.1/net.minecraft.util.GsonHelper.parse(GsonHelper.java:594) ~[server-1.21.1-20240808.144430-srg.jar%23287!/:?]
	at TRANSFORMER/minecraft@1.21.1/net.minecraft.util.GsonHelper.parse(GsonHelper.java:602) ~[server-1.21.1-20240808.144430-srg.jar%23287!/:?]
	at TRANSFORMER/minecraft@1.21.1/net.minecraft.server.packs.AbstractPackResources.getMetadataFromStream(AbstractPackResources.java:44) ~[server-1.21.1-20240808.144430-srg.jar%23287!/:?]
	at TRANSFORMER/minecraft@1.21.1/net.minecraft.server.packs.AbstractPackResources.getMetadataSection(AbstractPackResources.java:33) ~[server-1.21.1-20240808.144430-srg.jar%23287!/:?]
	at TRANSFORMER/neoforge@21.1.145/net.neoforged.neoforge.resource.ResourcePackLoader.readMeta(ResourcePackLoader.java:163) ~[neoforge-21.1.145-universal.jar%23288!/:?]
	at TRANSFORMER/neoforge@21.1.145/net.neoforged.neoforge.resource.ResourcePackLoader.readWithOptionalMeta(ResourcePackLoader.java:156) ~[neoforge-21.1.145-universal.jar%23288!/:?]
	at TRANSFORMER/neoforge@21.1.145/net.neoforged.neoforge.resource.ResourcePackLoader.packFinder(ResourcePackLoader.java:123) ~[neoforge-21.1.145-universal.jar%23288!/:?]
	at TRANSFORMER/neoforge@21.1.145/net.neoforged.neoforge.resource.ResourcePackLoader.lambda$buildPackFinder$6(ResourcePackLoader.java:89) ~[neoforge-21.1.145-universal.jar%23288!/:?]
	at TRANSFORMER/minecraft@1.21.1/net.minecraft.server.packs.repository.PackRepository.discoverAvailable(PackRepository.java:47) ~[server-1.21.1-20240808.144430-srg.jar%23287!/:?]
	at TRANSFORMER/minecraft@1.21.1/net.minecraft.server.packs.repository.PackRepository.reload(PackRepository.java:37) ~[server-1.21.1-20240808.144430-srg.jar%23287!/:?]
	at TRANSFORMER/minecraft@1.21.1/net.minecraft.server.MinecraftServer.configurePackRepository(MinecraftServer.java:1533) ~[server-1.21.1-20240808.144430-srg.jar%23287!/:?]
	at TRANSFORMER/minecraft@1.21.1/net.minecraft.server.WorldLoader$PackConfig.createResourceManager(WorldLoader.java:99) ~[server-1.21.1-20240808.144430-srg.jar%23287!/:?]
	at TRANSFORMER/minecraft@1.21.1/net.minecraft.server.WorldLoader.load(WorldLoader.java:32) ~[server-1.21.1-20240808.144430-srg.jar%23287!/:?]
	at TRANSFORMER/minecraft@1.21.1/net.minecraft.server.Main.lambda$main$3(Main.java:205) ~[server-1.21.1-20240808.144430-srg.jar%23287!/:?]
	at TRANSFORMER/minecraft@1.21.1/net.minecraft.Util.blockUntilDone(Util.java:866) ~[server-1.21.1-20240808.144430-srg.jar%23287!/:?]
	at TRANSFORMER/minecraft@1.21.1/net.minecraft.Util.blockUntilDone(Util.java:861) ~[server-1.21.1-20240808.144430-srg.jar%23287!/:?]
	at TRANSFORMER/minecraft@1.21.1/net.minecraft.server.Main.main(Main.java:204) ~[server-1.21.1-20240808.144430-srg.jar%23287!/:?]
	at java.base/jdk.internal.reflect.DirectMethodHandleAccessor.invoke(DirectMethodHandleAccessor.java:103) ~[?:?]
	at java.base/java.lang.reflect.Method.invoke(Method.java:580) ~[?:?]
	at MC-BOOTSTRAP/fml_loader@4.0.38/net.neoforged.fml.loading.targets.CommonLaunchHandler.runTarget(CommonLaunchHandler.java:136) ~[loader-4.0.38.jar%2360!/:4.0]
	at MC-BOOTSTRAP/fml_loader@4.0.38/net.neoforged.fml.loading.targets.CommonLaunchHandler.serverService(CommonLaunchHandler.java:128) ~[loader-4.0.38.jar%2360!/:4.0]
	at MC-BOOTSTRAP/fml_loader@4.0.38/net.neoforged.fml.loading.targets.CommonServerLaunchHandler.runService(CommonServerLaunchHandler.java:32) ~[loader-4.0.38.jar%2360!/:4.0]
	at MC-BOOTSTRAP/fml_loader@4.0.38/net.neoforged.fml.loading.targets.CommonLaunchHandler.lambda$launchService$4(CommonLaunchHandler.java:118) ~[loader-4.0.38.jar%2360!/:4.0]
	at MC-BOOTSTRAP/cpw.mods.modlauncher@11.0.4/cpw.mods.modlauncher.LaunchServiceHandlerDecorator.launch(LaunchServiceHandlerDecorator.java:30) [modlauncher-11.0.4.jar%2362!/:?]
	at MC-BOOTSTRAP/cpw.mods.modlauncher@11.0.4/cpw.mods.modlauncher.LaunchServiceHandler.launch(LaunchServiceHandler.java:53) [modlauncher-11.0.4.jar%2362!/:?]
	at MC-BOOTSTRAP/cpw.mods.modlauncher@11.0.4/cpw.mods.modlauncher.LaunchServiceHandler.launch(LaunchServiceHandler.java:71) [modlauncher-11.0.4.jar%2362!/:?]
	at MC-BOOTSTRAP/cpw.mods.modlauncher@11.0.4/cpw.mods.modlauncher.Launcher.run(Launcher.java:103) [modlauncher-11.0.4.jar%2362!/:?]
	at MC-BOOTSTRAP/cpw.mods.modlauncher@11.0.4/cpw.mods.modlauncher.Launcher.main(Launcher.java:74) [modlauncher-11.0.4.jar%2362!/:?]
	at MC-BOOTSTRAP/cpw.mods.modlauncher@11.0.4/cpw.mods.modlauncher.BootstrapLaunchConsumer.accept(BootstrapLaunchConsumer.java:26) [modlauncher-11.0.4.jar%2362!/:?]
	at MC-BOOTSTRAP/cpw.mods.modlauncher@11.0.4/cpw.mods.modlauncher.BootstrapLaunchConsumer.accept(BootstrapLaunchConsumer.java:23) [modlauncher-11.0.4.jar%2362!/:?]
	at cpw.mods.bootstraplauncher@2.0.2/cpw.mods.bootstraplauncher.BootstrapLauncher.run(BootstrapLauncher.java:210) [bootstraplauncher-2.0.2.jar:?]
	at cpw.mods.bootstraplauncher@2.0.2/cpw.mods.bootstraplauncher.BootstrapLauncher.main(BootstrapLauncher.java:69) [bootstraplauncher-2.0.2.jar:?]
	at java.base/jdk.internal.reflect.DirectMethodHandleAccessor.invoke(DirectMethodHandleAccessor.java:103) ~[?:?]
	at java.base/java.lang.reflect.Method.invoke(Method.java:580) ~[?:?]
	at net.neoforged.serverstarterjar.Main.mainLaunch(Main.java:300) [neoforge.jar:0.1.30]
	at net.neoforged.serverstarterjar.Main.main(Main.java:79) [neoforge.jar:0.1.30]
	at java.base/jdk.internal.reflect.DirectMethodHandleAccessor.invoke(DirectMethodHandleAccessor.java:103) ~[?:?]
	at java.base/java.lang.reflect.Method.invoke(Method.java:580) ~[?:?]
	at net.neoforged.serverstarterjar.Main8.main(Main8.java:19) [neoforge.jar:0.1.30]
Caused by: java.io.EOFException: End of input at line 1 column 1 path $
	at MC-BOOTSTRAP/com.google.gson@2.10.1/com.google.gson.stream.JsonReader.nextNonWhitespace(JsonReader.java:1457) ~[gson-2.10.1.jar%2382!/:?]
	at MC-BOOTSTRAP/com.google.gson@2.10.1/com.google.gson.stream.JsonReader.doPeek(JsonReader.java:558) ~[gson-2.10.1.jar%2382!/:?]
	at MC-BOOTSTRAP/com.google.gson@2.10.1/com.google.gson.stream.JsonReader.peek(JsonReader.java:433) ~[gson-2.10.1.jar%2382!/:?]
	at MC-BOOTSTRAP/com.google.gson@2.10.1/com.google.gson.internal.bind.TypeAdapters$28.read(TypeAdapters.java:769) ~[gson-2.10.1.jar%2382!/:?]
	at MC-BOOTSTRAP/com.google.gson@2.10.1/com.google.gson.internal.bind.TypeAdapters$28.read(TypeAdapters.java:725) ~[gson-2.10.1.jar%2382!/:?]
	at MC-BOOTSTRAP/com.google.gson@2.10.1/com.google.gson.internal.bind.TypeAdapters$34$1.read(TypeAdapters.java:1007) ~[gson-2.10.1.jar%2382!/:?]
	at TRANSFORMER/minecraft@1.21.1/net.minecraft.util.GsonHelper.fromNullableJson(GsonHelper.java:525) ~[server-1.21.1-20240808.144430-srg.jar%23287!/:?]
	... 40 more
[21Apr2025 23:39:41.296] [main/ERROR] [net.minecraft.server.packs.AbstractPackResources/]: Couldn't load features metadata
com.google.gson.JsonParseException: java.io.EOFException: End of input at line 1 column 1 path $
	at TRANSFORMER/minecraft@1.21.1/net.minecraft.util.GsonHelper.fromNullableJson(GsonHelper.java:527) ~[server-1.21.1-20240808.144430-srg.jar%23287!/:?]
	at TRANSFORMER/minecraft@1.21.1/net.minecraft.util.GsonHelper.fromJson(GsonHelper.java:532) ~[server-1.21.1-20240808.144430-srg.jar%23287!/:?]
	at TRANSFORMER/minecraft@1.21.1/net.minecraft.util.GsonHelper.parse(GsonHelper.java:594) ~[server-1.21.1-20240808.144430-srg.jar%23287!/:?]
	at TRANSFORMER/minecraft@1.21.1/net.minecraft.util.GsonHelper.parse(GsonHelper.java:602) ~[server-1.21.1-20240808.144430-srg.jar%23287!/:?]
	at TRANSFORMER/minecraft@1.21.1/net.minecraft.server.packs.AbstractPackResources.getMetadataFromStream(AbstractPackResources.java:44) ~[server-1.21.1-20240808.144430-srg.jar%23287!/:?]
	at TRANSFORMER/minecraft@1.21.1/net.minecraft.server.packs.AbstractPackResources.getMetadataSection(AbstractPackResources.java:33) ~[server-1.21.1-20240808.144430-srg.jar%23287!/:?]
	at TRANSFORMER/neoforge@21.1.145/net.neoforged.neoforge.resource.ResourcePackLoader.readMeta(ResourcePackLoader.java:165) ~[neoforge-21.1.145-universal.jar%23288!/:?]
	at TRANSFORMER/neoforge@21.1.145/net.neoforged.neoforge.resource.ResourcePackLoader.readWithOptionalMeta(ResourcePackLoader.java:156) ~[neoforge-21.1.145-universal.jar%23288!/:?]
	at TRANSFORMER/neoforge@21.1.145/net.neoforged.neoforge.resource.ResourcePackLoader.packFinder(ResourcePackLoader.java:123) ~[neoforge-21.1.145-universal.jar%23288!/:?]
	at TRANSFORMER/neoforge@21.1.145/net.neoforged.neoforge.resource.ResourcePackLoader.lambda$buildPackFinder$6(ResourcePackLoader.java:89) ~[neoforge-21.1.145-universal.jar%23288!/:?]
	at TRANSFORMER/minecraft@1.21.1/net.minecraft.server.packs.repository.PackRepository.discoverAvailable(PackRepository.java:47) ~[server-1.21.1-20240808.144430-srg.jar%23287!/:?]
	at TRANSFORMER/minecraft@1.21.1/net.minecraft.server.packs.repository.PackRepository.reload(PackRepository.java:37) ~[server-1.21.1-20240808.144430-srg.jar%23287!/:?]
	at TRANSFORMER/minecraft@1.21.1/net.minecraft.server.MinecraftServer.configurePackRepository(MinecraftServer.java:1533) ~[server-1.21.1-20240808.144430-srg.jar%23287!/:?]
	at TRANSFORMER/minecraft@1.21.1/net.minecraft.server.WorldLoader$PackConfig.createResourceManager(WorldLoader.java:99) ~[server-1.21.1-20240808.144430-srg.jar%23287!/:?]
	at TRANSFORMER/minecraft@1.21.1/net.minecraft.server.WorldLoader.load(WorldLoader.java:32) ~[server-1.21.1-20240808.144430-srg.jar%23287!/:?]
	at TRANSFORMER/minecraft@1.21.1/net.minecraft.server.Main.lambda$main$3(Main.java:205) ~[server-1.21.1-20240808.144430-srg.jar%23287!/:?]
	at TRANSFORMER/minecraft@1.21.1/net.minecraft.Util.blockUntilDone(Util.java:866) ~[server-1.21.1-20240808.144430-srg.jar%23287!/:?]
	at TRANSFORMER/minecraft@1.21.1/net.minecraft.Util.blockUntilDone(Util.java:861) ~[server-1.21.1-20240808.144430-srg.jar%23287!/:?]
	at TRANSFORMER/minecraft@1.21.1/net.minecraft.server.Main.main(Main.java:204) ~[server-1.21.1-20240808.144430-srg.jar%23287!/:?]
	at java.base/jdk.internal.reflect.DirectMethodHandleAccessor.invoke(DirectMethodHandleAccessor.java:103) ~[?:?]
	at java.base/java.lang.reflect.Method.invoke(Method.java:580) ~[?:?]
	at MC-BOOTSTRAP/fml_loader@4.0.38/net.neoforged.fml.loading.targets.CommonLaunchHandler.runTarget(CommonLaunchHandler.java:136) ~[loader-4.0.38.jar%2360!/:4.0]
	at MC-BOOTSTRAP/fml_loader@4.0.38/net.neoforged.fml.loading.targets.CommonLaunchHandler.serverService(CommonLaunchHandler.java:128) ~[loader-4.0.38.jar%2360!/:4.0]
	at MC-BOOTSTRAP/fml_loader@4.0.38/net.neoforged.fml.loading.targets.CommonServerLaunchHandler.runService(CommonServerLaunchHandler.java:32) ~[loader-4.0.38.jar%2360!/:4.0]
	at MC-BOOTSTRAP/fml_loader@4.0.38/net.neoforged.fml.loading.targets.CommonLaunchHandler.lambda$launchService$4(CommonLaunchHandler.java:118) ~[loader-4.0.38.jar%2360!/:4.0]
	at MC-BOOTSTRAP/cpw.mods.modlauncher@11.0.4/cpw.mods.modlauncher.LaunchServiceHandlerDecorator.launch(LaunchServiceHandlerDecorator.java:30) [modlauncher-11.0.4.jar%2362!/:?]
	at MC-BOOTSTRAP/cpw.mods.modlauncher@11.0.4/cpw.mods.modlauncher.LaunchServiceHandler.launch(LaunchServiceHandler.java:53) [modlauncher-11.0.4.jar%2362!/:?]
	at MC-BOOTSTRAP/cpw.mods.modlauncher@11.0.4/cpw.mods.modlauncher.LaunchServiceHandler.launch(LaunchServiceHandler.java:71) [modlauncher-11.0.4.jar%2362!/:?]
	at MC-BOOTSTRAP/cpw.mods.modlauncher@11.0.4/cpw.mods.modlauncher.Launcher.run(Launcher.java:103) [modlauncher-11.0.4.jar%2362!/:?]
	at MC-BOOTSTRAP/cpw.mods.modlauncher@11.0.4/cpw.mods.modlauncher.Launcher.main(Launcher.java:74) [modlauncher-11.0.4.jar%2362!/:?]
	at MC-BOOTSTRAP/cpw.mods.modlauncher@11.0.4/cpw.mods.modlauncher.BootstrapLaunchConsumer.accept(BootstrapLaunchConsumer.java:26) [modlauncher-11.0.4.jar%2362!/:?]
	at MC-BOOTSTRAP/cpw.mods.modlauncher@11.0.4/cpw.mods.modlauncher.BootstrapLaunchConsumer.accept(BootstrapLaunchConsumer.java:23) [modlauncher-11.0.4.jar%2362!/:?]
	at cpw.mods.bootstraplauncher@2.0.2/cpw.mods.bootstraplauncher.BootstrapLauncher.run(BootstrapLauncher.java:210) [bootstraplauncher-2.0.2.jar:?]
	at cpw.mods.bootstraplauncher@2.0.2/cpw.mods.bootstraplauncher.BootstrapLauncher.main(BootstrapLauncher.java:69) [bootstraplauncher-2.0.2.jar:?]
	at java.base/jdk.internal.reflect.DirectMethodHandleAccessor.invoke(DirectMethodHandleAccessor.java:103) ~[?:?]
	at java.base/java.lang.reflect.Method.invoke(Method.java:580) ~[?:?]
	at net.neoforged.serverstarterjar.Main.mainLaunch(Main.java:300) [neoforge.jar:0.1.30]
	at net.neoforged.serverstarterjar.Main.main(Main.java:79) [neoforge.jar:0.1.30]
	at java.base/jdk.internal.reflect.DirectMethodHandleAccessor.invoke(DirectMethodHandleAccessor.java:103) ~[?:?]
	at java.base/java.lang.reflect.Method.invoke(Method.java:580) ~[?:?]
	at net.neoforged.serverstarterjar.Main8.main(Main8.java:19) [neoforge.jar:0.1.30]
Caused by: java.io.EOFException: End of input at line 1 column 1 path $
	at MC-BOOTSTRAP/com.google.gson@2.10.1/com.google.gson.stream.JsonReader.nextNonWhitespace(JsonReader.java:1457) ~[gson-2.10.1.jar%2382!/:?]
	at MC-BOOTSTRAP/com.google.gson@2.10.1/com.google.gson.stream.JsonReader.doPeek(JsonReader.java:558) ~[gson-2.10.1.jar%2382!/:?]
	at MC-BOOTSTRAP/com.google.gson@2.10.1/com.google.gson.stream.JsonReader.peek(JsonReader.java:433) ~[gson-2.10.1.jar%2382!/:?]
	at MC-BOOTSTRAP/com.google.gson@2.10.1/com.google.gson.internal.bind.TypeAdapters$28.read(TypeAdapters.java:769) ~[gson-2.10.1.jar%2382!/:?]
	at MC-BOOTSTRAP/com.google.gson@2.10.1/com.google.gson.internal.bind.TypeAdapters$28.read(TypeAdapters.java:725) ~[gson-2.10.1.jar%2382!/:?]
	at MC-BOOTSTRAP/com.google.gson@2.10.1/com.google.gson.internal.bind.TypeAdapters$34$1.read(TypeAdapters.java:1007) ~[gson-2.10.1.jar%2382!/:?]
	at TRANSFORMER/minecraft@1.21.1/net.minecraft.util.GsonHelper.fromNullableJson(GsonHelper.java:525) ~[server-1.21.1-20240808.144430-srg.jar%23287!/:?]
	... 40 more
[21Apr2025 23:39:41.298] [main/ERROR] [net.minecraft.server.packs.AbstractPackResources/]: Couldn't load overlays metadata
com.google.gson.JsonParseException: java.io.EOFException: End of input at line 1 column 1 path $
	at TRANSFORMER/minecraft@1.21.1/net.minecraft.util.GsonHelper.fromNullableJson(GsonHelper.java:527) ~[server-1.21.1-20240808.144430-srg.jar%23287!/:?]
	at TRANSFORMER/minecraft@1.21.1/net.minecraft.util.GsonHelper.fromJson(GsonHelper.java:532) ~[server-1.21.1-20240808.144430-srg.jar%23287!/:?]
	at TRANSFORMER/minecraft@1.21.1/net.minecraft.util.GsonHelper.parse(GsonHelper.java:594) ~[server-1.21.1-20240808.144430-srg.jar%23287!/:?]
	at TRANSFORMER/minecraft@1.21.1/net.minecraft.util.GsonHelper.parse(GsonHelper.java:602) ~[server-1.21.1-20240808.144430-srg.jar%23287!/:?]
	at TRANSFORMER/minecraft@1.21.1/net.minecraft.server.packs.AbstractPackResources.getMetadataFromStream(AbstractPackResources.java:44) ~[server-1.21.1-20240808.144430-srg.jar%23287!/:?]
	at TRANSFORMER/minecraft@1.21.1/net.minecraft.server.packs.AbstractPackResources.getMetadataSection(AbstractPackResources.java:33) ~[server-1.21.1-20240808.144430-srg.jar%23287!/:?]
	at TRANSFORMER/neoforge@21.1.145/net.neoforged.neoforge.resource.ResourcePackLoader.readMeta(ResourcePackLoader.java:169) ~[neoforge-21.1.145-universal.jar%23288!/:?]
	at TRANSFORMER/neoforge@21.1.145/net.neoforged.neoforge.resource.ResourcePackLoader.readWithOptionalMeta(ResourcePackLoader.java:156) ~[neoforge-21.1.145-universal.jar%23288!/:?]
	at TRANSFORMER/neoforge@21.1.145/net.neoforged.neoforge.resource.ResourcePackLoader.packFinder(ResourcePackLoader.java:123) ~[neoforge-21.1.145-universal.jar%23288!/:?]
	at TRANSFORMER/neoforge@21.1.145/net.neoforged.neoforge.resource.ResourcePackLoader.lambda$buildPackFinder$6(ResourcePackLoader.java:89) ~[neoforge-21.1.145-universal.jar%23288!/:?]
	at TRANSFORMER/minecraft@1.21.1/net.minecraft.server.packs.repository.PackRepository.discoverAvailable(PackRepository.java:47) ~[server-1.21.1-20240808.144430-srg.jar%23287!/:?]
	at TRANSFORMER/minecraft@1.21.1/net.minecraft.server.packs.repository.PackRepository.reload(PackRepository.java:37) ~[server-1.21.1-20240808.144430-srg.jar%23287!/:?]
	at TRANSFORMER/minecraft@1.21.1/net.minecraft.server.MinecraftServer.configurePackRepository(MinecraftServer.java:1533) ~[server-1.21.1-20240808.144430-srg.jar%23287!/:?]
	at TRANSFORMER/minecraft@1.21.1/net.minecraft.server.WorldLoader$PackConfig.createResourceManager(WorldLoader.java:99) ~[server-1.21.1-20240808.144430-srg.jar%23287!/:?]
	at TRANSFORMER/minecraft@1.21.1/net.minecraft.server.WorldLoader.load(WorldLoader.java:32) ~[server-1.21.1-20240808.144430-srg.jar%23287!/:?]
	at TRANSFORMER/minecraft@1.21.1/net.minecraft.server.Main.lambda$main$3(Main.java:205) ~[server-1.21.1-20240808.144430-srg.jar%23287!/:?]
	at TRANSFORMER/minecraft@1.21.1/net.minecraft.Util.blockUntilDone(Util.java:866) ~[server-1.21.1-20240808.144430-srg.jar%23287!/:?]
	at TRANSFORMER/minecraft@1.21.1/net.minecraft.Util.blockUntilDone(Util.java:861) ~[server-1.21.1-20240808.144430-srg.jar%23287!/:?]
	at TRANSFORMER/minecraft@1.21.1/net.minecraft.server.Main.main(Main.java:204) ~[server-1.21.1-20240808.144430-srg.jar%23287!/:?]
	at java.base/jdk.internal.reflect.DirectMethodHandleAccessor.invoke(DirectMethodHandleAccessor.java:103) ~[?:?]
	at java.base/java.lang.reflect.Method.invoke(Method.java:580) ~[?:?]
	at MC-BOOTSTRAP/fml_loader@4.0.38/net.neoforged.fml.loading.targets.CommonLaunchHandler.runTarget(CommonLaunchHandler.java:136) ~[loader-4.0.38.jar%2360!/:4.0]
	at MC-BOOTSTRAP/fml_loader@4.0.38/net.neoforged.fml.loading.targets.CommonLaunchHandler.serverService(CommonLaunchHandler.java:128) ~[loader-4.0.38.jar%2360!/:4.0]
	at MC-BOOTSTRAP/fml_loader@4.0.38/net.neoforged.fml.loading.targets.CommonServerLaunchHandler.runService(CommonServerLaunchHandler.java:32) ~[loader-4.0.38.jar%2360!/:4.0]
	at MC-BOOTSTRAP/fml_loader@4.0.38/net.neoforged.fml.loading.targets.CommonLaunchHandler.lambda$launchService$4(CommonLaunchHandler.java:118) ~[loader-4.0.38.jar%2360!/:4.0]
	at MC-BOOTSTRAP/cpw.mods.modlauncher@11.0.4/cpw.mods.modlauncher.LaunchServiceHandlerDecorator.launch(LaunchServiceHandlerDecorator.java:30) [modlauncher-11.0.4.jar%2362!/:?]
	at MC-BOOTSTRAP/cpw.mods.modlauncher@11.0.4/cpw.mods.modlauncher.LaunchServiceHandler.launch(LaunchServiceHandler.java:53) [modlauncher-11.0.4.jar%2362!/:?]
	at MC-BOOTSTRAP/cpw.mods.modlauncher@11.0.4/cpw.mods.modlauncher.LaunchServiceHandler.launch(LaunchServiceHandler.java:71) [modlauncher-11.0.4.jar%2362!/:?]
	at MC-BOOTSTRAP/cpw.mods.modlauncher@11.0.4/cpw.mods.modlauncher.Launcher.run(Launcher.java:103) [modlauncher-11.0.4.jar%2362!/:?]
	at MC-BOOTSTRAP/cpw.mods.modlauncher@11.0.4/cpw.mods.modlauncher.Launcher.main(Launcher.java:74) [modlauncher-11.0.4.jar%2362!/:?]
	at MC-BOOTSTRAP/cpw.mods.modlauncher@11.0.4/cpw.mods.modlauncher.BootstrapLaunchConsumer.accept(BootstrapLaunchConsumer.java:26) [modlauncher-11.0.4.jar%2362!/:?]
	at MC-BOOTSTRAP/cpw.mods.modlauncher@11.0.4/cpw.mods.modlauncher.BootstrapLaunchConsumer.accept(BootstrapLaunchConsumer.java:23) [modlauncher-11.0.4.jar%2362!/:?]
	at cpw.mods.bootstraplauncher@2.0.2/cpw.mods.bootstraplauncher.BootstrapLauncher.run(BootstrapLauncher.java:210) [bootstraplauncher-2.0.2.jar:?]
	at cpw.mods.bootstraplauncher@2.0.2/cpw.mods.bootstraplauncher.BootstrapLauncher.main(BootstrapLauncher.java:69) [bootstraplauncher-2.0.2.jar:?]
	at java.base/jdk.internal.reflect.DirectMethodHandleAccessor.invoke(DirectMethodHandleAccessor.java:103) ~[?:?]
	at java.base/java.lang.reflect.Method.invoke(Method.java:580) ~[?:?]
	at net.neoforged.serverstarterjar.Main.mainLaunch(Main.java:300) [neoforge.jar:0.1.30]
	at net.neoforged.serverstarterjar.Main.main(Main.java:79) [neoforge.jar:0.1.30]
	at java.base/jdk.internal.reflect.DirectMethodHandleAccessor.invoke(DirectMethodHandleAccessor.java:103) ~[?:?]
	at java.base/java.lang.reflect.Method.invoke(Method.java:580) ~[?:?]
	at net.neoforged.serverstarterjar.Main8.main(Main8.java:19) [neoforge.jar:0.1.30]
Caused by: java.io.EOFException: End of input at line 1 column 1 path $
	at MC-BOOTSTRAP/com.google.gson@2.10.1/com.google.gson.stream.JsonReader.nextNonWhitespace(JsonReader.java:1457) ~[gson-2.10.1.jar%2382!/:?]
	at MC-BOOTSTRAP/com.google.gson@2.10.1/com.google.gson.stream.JsonReader.doPeek(JsonReader.java:558) ~[gson-2.10.1.jar%2382!/:?]
	at MC-BOOTSTRAP/com.google.gson@2.10.1/com.google.gson.stream.JsonReader.peek(JsonReader.java:433) ~[gson-2.10.1.jar%2382!/:?]
	at MC-BOOTSTRAP/com.google.gson@2.10.1/com.google.gson.internal.bind.TypeAdapters$28.read(TypeAdapters.java:769) ~[gson-2.10.1.jar%2382!/:?]
	at MC-BOOTSTRAP/com.google.gson@2.10.1/com.google.gson.internal.bind.TypeAdapters$28.read(TypeAdapters.java:725) ~[gson-2.10.1.jar%2382!/:?]
	at MC-BOOTSTRAP/com.google.gson@2.10.1/com.google.gson.internal.bind.TypeAdapters$34$1.read(TypeAdapters.java:1007) ~[gson-2.10.1.jar%2382!/:?]
	at TRANSFORMER/minecraft@1.21.1/net.minecraft.util.GsonHelper.fromNullableJson(GsonHelper.java:525) ~[server-1.21.1-20240808.144430-srg.jar%23287!/:?]
	... 40 more
[21Apr2025 23:39:41.300] [main/ERROR] [net.minecraft.server.packs.AbstractPackResources/]: Couldn't load neoforge:overlays metadata
com.google.gson.JsonParseException: java.io.EOFException: End of input at line 1 column 1 path $
	at TRANSFORMER/minecraft@1.21.1/net.minecraft.util.GsonHelper.fromNullableJson(GsonHelper.java:527) ~[server-1.21.1-20240808.144430-srg.jar%23287!/:?]
	at TRANSFORMER/minecraft@1.21.1/net.minecraft.util.GsonHelper.fromJson(GsonHelper.java:532) ~[server-1.21.1-20240808.144430-srg.jar%23287!/:?]
	at TRANSFORMER/minecraft@1.21.1/net.minecraft.util.GsonHelper.parse(GsonHelper.java:594) ~[server-1.21.1-20240808.144430-srg.jar%23287!/:?]
	at TRANSFORMER/minecraft@1.21.1/net.minecraft.util.GsonHelper.parse(GsonHelper.java:602) ~[server-1.21.1-20240808.144430-srg.jar%23287!/:?]
	at TRANSFORMER/minecraft@1.21.1/net.minecraft.server.packs.AbstractPackResources.getMetadataFromStream(AbstractPackResources.java:44) ~[server-1.21.1-20240808.144430-srg.jar%23287!/:?]
	at TRANSFORMER/minecraft@1.21.1/net.minecraft.server.packs.AbstractPackResources.getMetadataSection(AbstractPackResources.java:33) ~[server-1.21.1-20240808.144430-srg.jar%23287!/:?]
	at TRANSFORMER/neoforge@21.1.145/net.neoforged.neoforge.resource.ResourcePackLoader.readMeta(ResourcePackLoader.java:173) ~[neoforge-21.1.145-universal.jar%23288!/:?]
	at TRANSFORMER/neoforge@21.1.145/net.neoforged.neoforge.resource.ResourcePackLoader.readWithOptionalMeta(ResourcePackLoader.java:156) ~[neoforge-21.1.145-universal.jar%23288!/:?]
	at TRANSFORMER/neoforge@21.1.145/net.neoforged.neoforge.resource.ResourcePackLoader.packFinder(ResourcePackLoader.java:123) ~[neoforge-21.1.145-universal.jar%23288!/:?]
	at TRANSFORMER/neoforge@21.1.145/net.neoforged.neoforge.resource.ResourcePackLoader.lambda$buildPackFinder$6(ResourcePackLoader.java:89) ~[neoforge-21.1.145-universal.jar%23288!/:?]
	at TRANSFORMER/minecraft@1.21.1/net.minecraft.server.packs.repository.PackRepository.discoverAvailable(PackRepository.java:47) ~[server-1.21.1-20240808.144430-srg.jar%23287!/:?]
	at TRANSFORMER/minecraft@1.21.1/net.minecraft.server.packs.repository.PackRepository.reload(PackRepository.java:37) ~[server-1.21.1-20240808.144430-srg.jar%23287!/:?]
	at TRANSFORMER/minecraft@1.21.1/net.minecraft.server.MinecraftServer.configurePackRepository(MinecraftServer.java:1533) ~[server-1.21.1-20240808.144430-srg.jar%23287!/:?]
	at TRANSFORMER/minecraft@1.21.1/net.minecraft.server.WorldLoader$PackConfig.createResourceManager(WorldLoader.java:99) ~[server-1.21.1-20240808.144430-srg.jar%23287!/:?]
	at TRANSFORMER/minecraft@1.21.1/net.minecraft.server.WorldLoader.load(WorldLoader.java:32) ~[server-1.21.1-20240808.144430-srg.jar%23287!/:?]
	at TRANSFORMER/minecraft@1.21.1/net.minecraft.server.Main.lambda$main$3(Main.java:205) ~[server-1.21.1-20240808.144430-srg.jar%23287!/:?]
	at TRANSFORMER/minecraft@1.21.1/net.minecraft.Util.blockUntilDone(Util.java:866) ~[server-1.21.1-20240808.144430-srg.jar%23287!/:?]
	at TRANSFORMER/minecraft@1.21.1/net.minecraft.Util.blockUntilDone(Util.java:861) ~[server-1.21.1-20240808.144430-srg.jar%23287!/:?]
	at TRANSFORMER/minecraft@1.21.1/net.minecraft.server.Main.main(Main.java:204) ~[server-1.21.1-20240808.144430-srg.jar%23287!/:?]
	at java.base/jdk.internal.reflect.DirectMethodHandleAccessor.invoke(DirectMethodHandleAccessor.java:103) ~[?:?]
	at java.base/java.lang.reflect.Method.invoke(Method.java:580) ~[?:?]
	at MC-BOOTSTRAP/fml_loader@4.0.38/net.neoforged.fml.loading.targets.CommonLaunchHandler.runTarget(CommonLaunchHandler.java:136) ~[loader-4.0.38.jar%2360!/:4.0]
	at MC-BOOTSTRAP/fml_loader@4.0.38/net.neoforged.fml.loading.targets.CommonLaunchHandler.serverService(CommonLaunchHandler.java:128) ~[loader-4.0.38.jar%2360!/:4.0]
	at MC-BOOTSTRAP/fml_loader@4.0.38/net.neoforged.fml.loading.targets.CommonServerLaunchHandler.runService(CommonServerLaunchHandler.java:32) ~[loader-4.0.38.jar%2360!/:4.0]
	at MC-BOOTSTRAP/fml_loader@4.0.38/net.neoforged.fml.loading.targets.CommonLaunchHandler.lambda$launchService$4(CommonLaunchHandler.java:118) ~[loader-4.0.38.jar%2360!/:4.0]
	at MC-BOOTSTRAP/cpw.mods.modlauncher@11.0.4/cpw.mods.modlauncher.LaunchServiceHandlerDecorator.launch(LaunchServiceHandlerDecorator.java:30) [modlauncher-11.0.4.jar%2362!/:?]
	at MC-BOOTSTRAP/cpw.mods.modlauncher@11.0.4/cpw.mods.modlauncher.LaunchServiceHandler.launch(LaunchServiceHandler.java:53) [modlauncher-11.0.4.jar%2362!/:?]
	at MC-BOOTSTRAP/cpw.mods.modlauncher@11.0.4/cpw.mods.modlauncher.LaunchServiceHandler.launch(LaunchServiceHandler.java:71) [modlauncher-11.0.4.jar%2362!/:?]
	at MC-BOOTSTRAP/cpw.mods.modlauncher@11.0.4/cpw.mods.modlauncher.Launcher.run(Launcher.java:103) [modlauncher-11.0.4.jar%2362!/:?]
	at MC-BOOTSTRAP/cpw.mods.modlauncher@11.0.4/cpw.mods.modlauncher.Launcher.main(Launcher.java:74) [modlauncher-11.0.4.jar%2362!/:?]
	at MC-BOOTSTRAP/cpw.mods.modlauncher@11.0.4/cpw.mods.modlauncher.BootstrapLaunchConsumer.accept(BootstrapLaunchConsumer.java:26) [modlauncher-11.0.4.jar%2362!/:?]
	at MC-BOOTSTRAP/cpw.mods.modlauncher@11.0.4/cpw.mods.modlauncher.BootstrapLaunchConsumer.accept(BootstrapLaunchConsumer.java:23) [modlauncher-11.0.4.jar%2362!/:?]
	at cpw.mods.bootstraplauncher@2.0.2/cpw.mods.bootstraplauncher.BootstrapLauncher.run(BootstrapLauncher.java:210) [bootstraplauncher-2.0.2.jar:?]
	at cpw.mods.bootstraplauncher@2.0.2/cpw.mods.bootstraplauncher.BootstrapLauncher.main(BootstrapLauncher.java:69) [bootstraplauncher-2.0.2.jar:?]
	at java.base/jdk.internal.reflect.DirectMethodHandleAccessor.invoke(DirectMethodHandleAccessor.java:103) ~[?:?]
	at java.base/java.lang.reflect.Method.invoke(Method.java:580) ~[?:?]
	at net.neoforged.serverstarterjar.Main.mainLaunch(Main.java:300) [neoforge.jar:0.1.30]
	at net.neoforged.serverstarterjar.Main.main(Main.java:79) [neoforge.jar:0.1.30]
	at java.base/jdk.internal.reflect.DirectMethodHandleAccessor.invoke(DirectMethodHandleAccessor.java:103) ~[?:?]
	at java.base/java.lang.reflect.Method.invoke(Method.java:580) ~[?:?]
	at net.neoforged.serverstarterjar.Main8.main(Main8.java:19) [neoforge.jar:0.1.30]
Caused by: java.io.EOFException: End of input at line 1 column 1 path $
	at MC-BOOTSTRAP/com.google.gson@2.10.1/com.google.gson.stream.JsonReader.nextNonWhitespace(JsonReader.java:1457) ~[gson-2.10.1.jar%2382!/:?]
	at MC-BOOTSTRAP/com.google.gson@2.10.1/com.google.gson.stream.JsonReader.doPeek(JsonReader.java:558) ~[gson-2.10.1.jar%2382!/:?]
	at MC-BOOTSTRAP/com.google.gson@2.10.1/com.google.gson.stream.JsonReader.peek(JsonReader.java:433) ~[gson-2.10.1.jar%2382!/:?]
	at MC-BOOTSTRAP/com.google.gson@2.10.1/com.google.gson.internal.bind.TypeAdapters$28.read(TypeAdapters.java:769) ~[gson-2.10.1.jar%2382!/:?]
	at MC-BOOTSTRAP/com.google.gson@2.10.1/com.google.gson.internal.bind.TypeAdapters$28.read(TypeAdapters.java:725) ~[gson-2.10.1.jar%2382!/:?]
	at MC-BOOTSTRAP/com.google.gson@2.10.1/com.google.gson.internal.bind.TypeAdapters$34$1.read(TypeAdapters.java:1007) ~[gson-2.10.1.jar%2382!/:?]
	at TRANSFORMER/minecraft@1.21.1/net.minecraft.util.GsonHelper.fromNullableJson(GsonHelper.java:525) ~[server-1.21.1-20240808.144430-srg.jar%23287!/:?]
	... 40 more
[21Apr2025 23:39:41.337] [NeoForge Version Check/INFO] [net.neoforged.fml.VersionChecker/]: [twilightforest] Found status: BETA Current: 4.7.3094 Target: null
[21Apr2025 23:39:41.338] [NeoForge Version Check/INFO] [net.neoforged.fml.VersionChecker/]: [chipped] Starting version check at https://api.modrinth.com/updates/BAscRYKm/forge_updates.json
[21Apr2025 23:39:41.364] [main/ERROR] [net.minecraft.server.packs.AbstractPackResources/]: Couldn't load filter metadata
com.google.gson.JsonParseException: java.io.EOFException: End of input at line 1 column 1 path $
	at TRANSFORMER/minecraft@1.21.1/net.minecraft.util.GsonHelper.fromNullableJson(GsonHelper.java:527) ~[server-1.21.1-20240808.144430-srg.jar%23287!/:?]
	at TRANSFORMER/minecraft@1.21.1/net.minecraft.util.GsonHelper.fromJson(GsonHelper.java:532) ~[server-1.21.1-20240808.144430-srg.jar%23287!/:?]
	at TRANSFORMER/minecraft@1.21.1/net.minecraft.util.GsonHelper.parse(GsonHelper.java:594) ~[server-1.21.1-20240808.144430-srg.jar%23287!/:?]
	at TRANSFORMER/minecraft@1.21.1/net.minecraft.util.GsonHelper.parse(GsonHelper.java:602) ~[server-1.21.1-20240808.144430-srg.jar%23287!/:?]
	at TRANSFORMER/minecraft@1.21.1/net.minecraft.server.packs.AbstractPackResources.getMetadataFromStream(AbstractPackResources.java:44) ~[server-1.21.1-20240808.144430-srg.jar%23287!/:?]
	at TRANSFORMER/minecraft@1.21.1/net.minecraft.server.packs.AbstractPackResources.getMetadataSection(AbstractPackResources.java:33) ~[server-1.21.1-20240808.144430-srg.jar%23287!/:?]
	at TRANSFORMER/minecraft@1.21.1/net.minecraft.server.packs.resources.MultiPackResourceManager.getPackFilterSection(MultiPackResourceManager.java:63) ~[server-1.21.1-20240808.144430-srg.jar%23287!/:?]
	at TRANSFORMER/minecraft@1.21.1/net.minecraft.server.packs.resources.MultiPackResourceManager.<init>(MultiPackResourceManager.java:30) ~[server-1.21.1-20240808.144430-srg.jar%23287!/:?]
	at TRANSFORMER/minecraft@1.21.1/net.minecraft.server.WorldLoader$PackConfig.createResourceManager(WorldLoader.java:103) ~[server-1.21.1-20240808.144430-srg.jar%23287!/:?]
	at TRANSFORMER/minecraft@1.21.1/net.minecraft.server.WorldLoader.load(WorldLoader.java:32) ~[server-1.21.1-20240808.144430-srg.jar%23287!/:?]
	at TRANSFORMER/minecraft@1.21.1/net.minecraft.server.Main.lambda$main$3(Main.java:205) ~[server-1.21.1-20240808.144430-srg.jar%23287!/:?]
	at TRANSFORMER/minecraft@1.21.1/net.minecraft.Util.blockUntilDone(Util.java:866) ~[server-1.21.1-20240808.144430-srg.jar%23287!/:?]
	at TRANSFORMER/minecraft@1.21.1/net.minecraft.Util.blockUntilDone(Util.java:861) ~[server-1.21.1-20240808.144430-srg.jar%23287!/:?]
	at TRANSFORMER/minecraft@1.21.1/net.minecraft.server.Main.main(Main.java:204) ~[server-1.21.1-20240808.144430-srg.jar%23287!/:?]
	at java.base/jdk.internal.reflect.DirectMethodHandleAccessor.invoke(DirectMethodHandleAccessor.java:103) ~[?:?]
	at java.base/java.lang.reflect.Method.invoke(Method.java:580) ~[?:?]
	at MC-BOOTSTRAP/fml_loader@4.0.38/net.neoforged.fml.loading.targets.CommonLaunchHandler.runTarget(CommonLaunchHandler.java:136) ~[loader-4.0.38.jar%2360!/:4.0]
	at MC-BOOTSTRAP/fml_loader@4.0.38/net.neoforged.fml.loading.targets.CommonLaunchHandler.serverService(CommonLaunchHandler.java:128) ~[loader-4.0.38.jar%2360!/:4.0]
	at MC-BOOTSTRAP/fml_loader@4.0.38/net.neoforged.fml.loading.targets.CommonServerLaunchHandler.runService(CommonServerLaunchHandler.java:32) ~[loader-4.0.38.jar%2360!/:4.0]
	at MC-BOOTSTRAP/fml_loader@4.0.38/net.neoforged.fml.loading.targets.CommonLaunchHandler.lambda$launchService$4(CommonLaunchHandler.java:118) ~[loader-4.0.38.jar%2360!/:4.0]
	at MC-BOOTSTRAP/cpw.mods.modlauncher@11.0.4/cpw.mods.modlauncher.LaunchServiceHandlerDecorator.launch(LaunchServiceHandlerDecorator.java:30) [modlauncher-11.0.4.jar%2362!/:?]
	at MC-BOOTSTRAP/cpw.mods.modlauncher@11.0.4/cpw.mods.modlauncher.LaunchServiceHandler.launch(LaunchServiceHandler.java:53) [modlauncher-11.0.4.jar%2362!/:?]
	at MC-BOOTSTRAP/cpw.mods.modlauncher@11.0.4/cpw.mods.modlauncher.LaunchServiceHandler.launch(LaunchServiceHandler.java:71) [modlauncher-11.0.4.jar%2362!/:?]
	at MC-BOOTSTRAP/cpw.mods.modlauncher@11.0.4/cpw.mods.modlauncher.Launcher.run(Launcher.java:103) [modlauncher-11.0.4.jar%2362!/:?]
	at MC-BOOTSTRAP/cpw.mods.modlauncher@11.0.4/cpw.mods.modlauncher.Launcher.main(Launcher.java:74) [modlauncher-11.0.4.jar%2362!/:?]
	at MC-BOOTSTRAP/cpw.mods.modlauncher@11.0.4/cpw.mods.modlauncher.BootstrapLaunchConsumer.accept(BootstrapLaunchConsumer.java:26) [modlauncher-11.0.4.jar%2362!/:?]
	at MC-BOOTSTRAP/cpw.mods.modlauncher@11.0.4/cpw.mods.modlauncher.BootstrapLaunchConsumer.accept(BootstrapLaunchConsumer.java:23) [modlauncher-11.0.4.jar%2362!/:?]
	at cpw.mods.bootstraplauncher@2.0.2/cpw.mods.bootstraplauncher.BootstrapLauncher.run(BootstrapLauncher.java:210) [bootstraplauncher-2.0.2.jar:?]
	at cpw.mods.bootstraplauncher@2.0.2/cpw.mods.bootstraplauncher.BootstrapLauncher.main(BootstrapLauncher.java:69) [bootstraplauncher-2.0.2.jar:?]
	at java.base/jdk.internal.reflect.DirectMethodHandleAccessor.invoke(DirectMethodHandleAccessor.java:103) ~[?:?]
	at java.base/java.lang.reflect.Method.invoke(Method.java:580) ~[?:?]
	at net.neoforged.serverstarterjar.Main.mainLaunch(Main.java:300) [neoforge.jar:0.1.30]
	at net.neoforged.serverstarterjar.Main.main(Main.java:79) [neoforge.jar:0.1.30]
	at java.base/jdk.internal.reflect.DirectMethodHandleAccessor.invoke(DirectMethodHandleAccessor.java:103) ~[?:?]
	at java.base/java.lang.reflect.Method.invoke(Method.java:580) ~[?:?]
	at net.neoforged.serverstarterjar.Main8.main(Main8.java:19) [neoforge.jar:0.1.30]
Caused by: java.io.EOFException: End of input at line 1 column 1 path $
	at MC-BOOTSTRAP/com.google.gson@2.10.1/com.google.gson.stream.JsonReader.nextNonWhitespace(JsonReader.java:1457) ~[gson-2.10.1.jar%2382!/:?]
	at MC-BOOTSTRAP/com.google.gson@2.10.1/com.google.gson.stream.JsonReader.doPeek(JsonReader.java:558) ~[gson-2.10.1.jar%2382!/:?]
	at MC-BOOTSTRAP/com.google.gson@2.10.1/com.google.gson.stream.JsonReader.peek(JsonReader.java:433) ~[gson-2.10.1.jar%2382!/:?]
	at MC-BOOTSTRAP/com.google.gson@2.10.1/com.google.gson.internal.bind.TypeAdapters$28.read(TypeAdapters.java:769) ~[gson-2.10.1.jar%2382!/:?]
	at MC-BOOTSTRAP/com.google.gson@2.10.1/com.google.gson.internal.bind.TypeAdapters$28.read(TypeAdapters.java:725) ~[gson-2.10.1.jar%2382!/:?]
	at MC-BOOTSTRAP/com.google.gson@2.10.1/com.google.gson.internal.bind.TypeAdapters$34$1.read(TypeAdapters.java:1007) ~[gson-2.10.1.jar%2382!/:?]
	at TRANSFORMER/minecraft@1.21.1/net.minecraft.util.GsonHelper.fromNullableJson(GsonHelper.java:525) ~[server-1.21.1-20240808.144430-srg.jar%23287!/:?]
	... 35 more
[21Apr2025 23:39:41.447] [NeoForge Version Check/INFO] [net.neoforged.fml.VersionChecker/]: [chipped] Found status: BETA Current: 4.0.2 Target: null
[21Apr2025 23:39:41.449] [NeoForge Version Check/INFO] [net.neoforged.fml.VersionChecker/]: [commoncapabilities] Starting version check at https://raw.githubusercontent.com/CyclopsMC/Versions/master/neoforge_update/common-capabilities.json
[21Apr2025 23:39:41.535] [NeoForge Version Check/INFO] [net.neoforged.fml.VersionChecker/]: [commoncapabilities] Found status: UP_TO_DATE Current: 2.9.8 Target: null
[21Apr2025 23:39:41.536] [NeoForge Version Check/INFO] [net.neoforged.fml.VersionChecker/]: [integratedtunnels] Starting version check at https://raw.githubusercontent.com/CyclopsMC/Versions/master/neoforge_update/integrated-tunnels.json
[21Apr2025 23:39:41.665] [NeoForge Version Check/INFO] [net.neoforged.fml.VersionChecker/]: [integratedtunnels] Found status: UP_TO_DATE Current: 1.8.37 Target: null
[21Apr2025 23:39:41.665] [NeoForge Version Check/INFO] [net.neoforged.fml.VersionChecker/]: [extensibleenums] Starting version check at https://raw.githubusercontent.com/Fuzss/modresources/main/update/extensibleenums.json
[21Apr2025 23:39:41.801] [NeoForge Version Check/WARN] [net.neoforged.fml.VersionChecker/]: Failed to process update information
com.google.gson.JsonSyntaxException: java.lang.IllegalStateException: Expected BEGIN_OBJECT but was NUMBER at line 1 column 4 path $
	at MC-BOOTSTRAP/com.google.gson@2.10.1/com.google.gson.Gson.fromJson(Gson.java:1238) ~[gson-2.10.1.jar%2382!/:?]
	at MC-BOOTSTRAP/com.google.gson@2.10.1/com.google.gson.Gson.fromJson(Gson.java:1137) ~[gson-2.10.1.jar%2382!/:?]
	at MC-BOOTSTRAP/com.google.gson@2.10.1/com.google.gson.Gson.fromJson(Gson.java:1047) ~[gson-2.10.1.jar%2382!/:?]
	at MC-BOOTSTRAP/com.google.gson@2.10.1/com.google.gson.Gson.fromJson(Gson.java:982) ~[gson-2.10.1.jar%2382!/:?]
	at MC-BOOTSTRAP/fml_loader@4.0.38/net.neoforged.fml.VersionChecker$1.process(VersionChecker.java:167) ~[loader-4.0.38.jar%2360!/:4.0]
	at java.base/java.lang.Iterable.forEach(Iterable.java:75) [?:?]
	at MC-BOOTSTRAP/fml_loader@4.0.38/net.neoforged.fml.VersionChecker$1.run(VersionChecker.java:105) [loader-4.0.38.jar%2360!/:4.0]
Caused by: java.lang.IllegalStateException: Expected BEGIN_OBJECT but was NUMBER at line 1 column 4 path $
	at MC-BOOTSTRAP/com.google.gson@2.10.1/com.google.gson.stream.JsonReader.beginObject(JsonReader.java:393) ~[gson-2.10.1.jar%2382!/:?]
	at MC-BOOTSTRAP/com.google.gson@2.10.1/com.google.gson.internal.bind.MapTypeAdapterFactory$Adapter.read(MapTypeAdapterFactory.java:182) ~[gson-2.10.1.jar%2382!/:?]
	at MC-BOOTSTRAP/com.google.gson@2.10.1/com.google.gson.internal.bind.MapTypeAdapterFactory$Adapter.read(MapTypeAdapterFactory.java:144) ~[gson-2.10.1.jar%2382!/:?]
	at MC-BOOTSTRAP/com.google.gson@2.10.1/com.google.gson.Gson.fromJson(Gson.java:1227) ~[gson-2.10.1.jar%2382!/:?]
	... 6 more
[21Apr2025 23:39:41.803] [NeoForge Version Check/INFO] [net.neoforged.fml.VersionChecker/]: [magnumtorch] Starting version check at https://raw.githubusercontent.com/Fuzss/modresources/main/update/magnumtorch.json
[21Apr2025 23:39:41.890] [NeoForge Version Check/INFO] [net.neoforged.fml.VersionChecker/]: [magnumtorch] Found status: UP_TO_DATE Current: 21.1.0 Target: null
[21Apr2025 23:39:41.891] [NeoForge Version Check/INFO] [net.neoforged.fml.VersionChecker/]: [iceberg] Starting version check at https://mc-update-check.anthonyhilyard.com/520110
[21Apr2025 23:39:41.988] [NeoForge Version Check/INFO] [net.neoforged.fml.VersionChecker/]: [iceberg] Found status: UP_TO_DATE Current: 1.3.2 Target: null
[21Apr2025 23:39:41.998] [NeoForge Version Check/INFO] [net.neoforged.fml.VersionChecker/]: [advancementplaques] Starting version check at https://mc-update-check.anthonyhilyard.com/499826
[21Apr2025 23:39:42.091] [NeoForge Version Check/INFO] [net.neoforged.fml.VersionChecker/]: [advancementplaques] Found status: UP_TO_DATE Current: 1.6.8 Target: null
[21Apr2025 23:39:42.091] [NeoForge Version Check/INFO] [net.neoforged.fml.VersionChecker/]: [highlighter] Starting version check at https://mc-update-check.anthonyhilyard.com/521590
[21Apr2025 23:39:42.181] [NeoForge Version Check/INFO] [net.neoforged.fml.VersionChecker/]: [highlighter] Found status: UP_TO_DATE Current: 1.1.11 Target: null
[21Apr2025 23:39:42.187] [NeoForge Version Check/INFO] [net.neoforged.fml.VersionChecker/]: [legendarytooltips] Starting version check at https://mc-update-check.anthonyhilyard.com/532127
[21Apr2025 23:39:42.276] [NeoForge Version Check/INFO] [net.neoforged.fml.VersionChecker/]: [legendarytooltips] Found status: UP_TO_DATE Current: 1.5.5 Target: null
[21Apr2025 23:39:43.676] [main/WARN] [net.minecraft.world.level.levelgen.DensityFunctions$TwoArgumentSimpleFunction/]: Creating a MAX function between two non-overlapping inputs: HolderHolder[function=Direct{dev.worldgen.lithostitched.worldgen.densityfunction.WrappedMarkerDensityFunction@3edd04ff}] and HolderHolder[function=Direct{Constant[value=-0.49]}]
[21Apr2025 23:39:44.073] [main/WARN] [mixin/]: @Redirect conflict. Skipping recipeessentials.mixins.json:RecipeManagerMixin from mod recipeessentials->@Redirect::logErrorOnce(Lorg/slf4j/Logger;Ljava/lang/String;Ljava/lang/Object;Ljava/lang/Object;)V with priority 200, already redirected by modernfix-neoforge.mixins.json:perf.datapack_reload_exceptions.RecipeManagerMixin from mod modernfix->@Redirect::silenceException(Lorg/slf4j/Logger;Ljava/lang/String;Ljava/lang/Object;Ljava/lang/Object;)V with priority 2000
[21Apr2025 23:39:44.504] [Worker-Main-3/ERROR] [net.minecraft.world.level.storage.loot.LootDataType/]: Couldn't parse element ResourceKey[minecraft:root / minecraft:loot_table]:littletiles:blocks/colored_lava_flowing - Unknown registry key in ResourceKey[minecraft:root / minecraft:item]: littletiles:colored_lava_flowing
[21Apr2025 23:39:44.710] [Worker-Main-3/ERROR] [net.minecraft.world.level.storage.loot.LootDataType/]: Couldn't parse element ResourceKey[minecraft:root / minecraft:loot_table]:ars_nouveau:entities/wilden_guardian - Failed to parse either. First: Unknown registry key in ResourceKey[minecraft:root / minecraft:loot_function_type]: minecraft:looting_enchant; Second: Not a json array: {"count":{"type":"minecraft:uniform","max":2.0,"min":1.0},"function":"minecraft:looting_enchant"}; Failed to parse either. First: Unknown registry key in ResourceKey[minecraft:root / minecraft:loot_function_type]: minecraft:looting_enchant; Second: Not a json array: {"count":{"type":"minecraft:uniform","max":1.0,"min":0.0},"function":"minecraft:looting_enchant"}
[21Apr2025 23:39:44.713] [Worker-Main-3/ERROR] [net.minecraft.world.level.storage.loot.LootDataType/]: Couldn't parse element ResourceKey[minecraft:root / minecraft:loot_table]:littletiles:blocks/colored_white_lava_flowing - Unknown registry key in ResourceKey[minecraft:root / minecraft:item]: littletiles:colored_white_lava_flowing
[21Apr2025 23:39:44.902] [Worker-Main-3/ERROR] [net.minecraft.world.level.storage.loot.LootDataType/]: Couldn't parse element ResourceKey[minecraft:root / minecraft:loot_table]:littletiles:blocks/colored_water_flowing - Unknown registry key in ResourceKey[minecraft:root / minecraft:item]: littletiles:colored_water_flowing
[21Apr2025 23:39:44.984] [Worker-Main-3/ERROR] [net.minecraft.world.level.storage.loot.LootDataType/]: Couldn't parse element ResourceKey[minecraft:root / minecraft:loot_table]:ars_nouveau:entities/wilden_stalker - Failed to parse either. First: Unknown registry key in ResourceKey[minecraft:root / minecraft:loot_function_type]: minecraft:looting_enchant; Second: Not a json array: {"count":{"type":"minecraft:uniform","max":2.0,"min":1.0},"function":"minecraft:looting_enchant"}; Failed to parse either. First: Unknown registry key in ResourceKey[minecraft:root / minecraft:loot_function_type]: minecraft:looting_enchant; Second: Not a json array: {"count":{"type":"minecraft:uniform","max":1.0,"min":0.0},"function":"minecraft:looting_enchant"}
[21Apr2025 23:39:45.016] [Worker-Main-3/INFO] [emi_loot/]: parsing loot tables
[21Apr2025 23:39:45.124] [Worker-Main-3/INFO] [net.neoforged.coremod.CoreMod.apothic_enchanting/COREMODLOG]: Replaced 1 calls to Enchantment#getMaxLevel() in net/minecraft/world/item/enchantment/EnchantmentHelper
[21Apr2025 23:39:45.288] [Worker-Main-3/INFO] [emi_loot/]: finished parsing loot tables
[21Apr2025 23:39:45.513] [Worker-Main-3/INFO] [net.neoforged.coremod.CoreMod.apothic_enchanting/COREMODLOG]: Replaced 2 calls to Enchantment#getMaxLevel() in net/minecraft/server/commands/EnchantCommand
[21Apr2025 23:39:46.443] [Worker-Main-2/ERROR] [net.minecraft.tags.TagLoader/]: Couldn't load tag allthemodium:blocks/blocklist as it is missing following references: 
	alltheores:other_aluminum_ore (from mod/allthemodium)
	alltheores:other_lead_ore (from mod/allthemodium)
	alltheores:other_nickel_ore (from mod/allthemodium)
	alltheores:other_iridium_ore (from mod/allthemodium)
	alltheores:other_platinum_ore (from mod/allthemodium)
	alltheores:other_silver_ore (from mod/allthemodium)
	alltheores:other_osmium_ore (from mod/allthemodium)
	alltheores:other_uranium_ore (from mod/allthemodium)
	alltheores:other_zinc_ore (from mod/allthemodium)
	alltheores:other_tin_ore (from mod/allthemodium)
	alltheores:deepslate_aluminum_ore (from mod/allthemodium)
	alltheores:deepslate_lead_ore (from mod/allthemodium)
	alltheores:deepslate_nickel_ore (from mod/allthemodium)
	alltheores:deepslate_osmium_ore (from mod/allthemodium)
	alltheores:deepslate_platinum_ore (from mod/allthemodium)
	alltheores:deepslate_silver_ore (from mod/allthemodium)
	alltheores:deepslate_tin_ore (from mod/allthemodium)
	alltheores:deepslate_uranium_ore (from mod/allthemodium)
	alltheores:deepslate_zinc_ore (from mod/allthemodium)
	alltheores:deepslate_iridium_ore (from mod/allthemodium)
	alltheores:raw_aluminum_block (from mod/allthemodium)
	alltheores:raw_lead_block (from mod/allthemodium)
	alltheores:raw_nickel_block (from mod/allthemodium)
	alltheores:raw_osmium_block (from mod/allthemodium)
	alltheores:raw_platinum_block (from mod/allthemodium)
	alltheores:raw_silver_block (from mod/allthemodium)
	alltheores:raw_tin_block (from mod/allthemodium)
	alltheores:raw_uranium_block (from mod/allthemodium)
	alltheores:raw_zinc_block (from mod/allthemodium)
	alltheores:raw_iridium_block (from mod/allthemodium)
[21Apr2025 23:39:46.603] [Worker-Main-3/ERROR] [net.minecraft.tags.TagLoader/]: Couldn't load tag c:cooked_wilden_stalker_meat as it is missing following references: 
	arsnouveaudelight:cooked_wilden_stalker_meat (from mod/arsnouveaudelight)
[21Apr2025 23:39:46.623] [Worker-Main-3/ERROR] [net.minecraft.tags.TagLoader/]: Couldn't load tag origins:meat as it is missing following references: 
	arsnouveaudelight:salmon_slice (from mod/arsnouveaudelight)
	arsnouveaudelight:salmon_slice (from mod/arsnouveaudelight)
[21Apr2025 23:39:46.630] [Worker-Main-3/ERROR] [net.minecraft.tags.TagLoader/]: Couldn't load tag c:meat as it is missing following references: 
	arsnouveaudelight:salmon_slice (from mod/arsnouveaudelight)
	arsnouveaudelight:salmon_slice (from mod/arsnouveaudelight)
[21Apr2025 23:39:48.336] [main/ERROR] [net.minecraft.world.item.crafting.RecipeManager/]: Parsing error loading recipe cataclysm:stonecutting/stone_tiles_from_stonecutting: com.google.gson.JsonParseException: Not a JSON object: "cataclysm:stone_tiles"
[21Apr2025 23:39:48.339] [main/ERROR] [net.minecraft.world.item.crafting.RecipeManager/]: Parsing error loading recipe mekanism:sawing/log/echo: com.google.gson.JsonParseException: main_output is required
[21Apr2025 23:39:48.396] [main/ERROR] [net.minecraft.world.item.crafting.RecipeManager/]: Parsing error loading recipe arsnouveaudelight:cutting/cut_mendosteen_pod: com.google.gson.JsonParseException: Failed to parse either. First: Not a json array: {"c":"forge:tools/knife"}; Second: No key tag in MapLike[{"c":"forge:tools/knife"}]; No key item in MapLike[{"c":"forge:tools/knife"}]
[21Apr2025 23:39:48.402] [main/ERROR] [net.minecraft.world.item.crafting.RecipeManager/]: Parsing error loading recipe cataclysm:blasting/black_steel_nugget_from_blasting: com.google.gson.JsonParseException: Not a JSON object: "cataclysm:black_steel_nugget"
[21Apr2025 23:39:48.457] [main/ERROR] [net.minecraft.world.item.crafting.RecipeManager/]: Parsing error loading recipe farmersdelight:cutting/echo_door: com.google.gson.JsonParseException: Not a JSON object: "deeperdarker:echo_planks"; Failed to parse either. First: Not a json array: {"type":"farmersdelight:tool_action","action":"axe_dig"}; Second: Unknown registry key in ResourceKey[minecraft:root / neoforge:ingredient_serializer]: farmersdelight:tool_action
[21Apr2025 23:39:48.474] [main/ERROR] [net.minecraft.world.item.crafting.RecipeManager/]: Parsing error loading recipe cataclysm:stonecutting/stone_tile_wall_from_stonecutting: com.google.gson.JsonParseException: Not a JSON object: "cataclysm:stone_tile_wall"
[21Apr2025 23:39:48.478] [main/ERROR] [net.minecraft.world.item.crafting.RecipeManager/]: Parsing error loading recipe cataclysm:stonecutting/stone_pillar_from_stonecutting: com.google.gson.JsonParseException: Not a JSON object: "cataclysm:stone_pillar"
[21Apr2025 23:39:48.486] [main/ERROR] [net.minecraft.world.item.crafting.RecipeManager/]: Parsing error loading recipe farmersdelight:cutting/echo_log: com.google.gson.JsonParseException: Not a JSON object: "minecraft:item.axe.strip"; Not a JSON object: "farmersdelight:tree_bark"; Not a JSON object: "deeperdarker:stripped_echo_log"; Failed to parse either. First: Not a json array: {"type":"farmersdelight:tool_action","action":"axe_strip"}; Second: Unknown registry key in ResourceKey[minecraft:root / neoforge:ingredient_serializer]: farmersdelight:tool_action
[21Apr2025 23:39:48.500] [main/ERROR] [net.minecraft.world.item.crafting.RecipeManager/]: Parsing error loading recipe farmersdelight:cutting/echo_sign: com.google.gson.JsonParseException: Not a JSON object: "deeperdarker:echo_planks"; Failed to parse either. First: Not a json array: {"type":"farmersdelight:tool_action","action":"axe_dig"}; Second: Unknown registry key in ResourceKey[minecraft:root / neoforge:ingredient_serializer]: farmersdelight:tool_action
[21Apr2025 23:39:48.503] [main/ERROR] [net.minecraft.world.item.crafting.RecipeManager/]: Parsing error loading recipe arsnouveaudelight:cutting/cut_frostaya_pod: com.google.gson.JsonParseException: Failed to parse either. First: Not a json array: {"c":"forge:tools/knife"}; Second: No key tag in MapLike[{"c":"forge:tools/knife"}]; No key item in MapLike[{"c":"forge:tools/knife"}]
[21Apr2025 23:39:48.506] [main/ERROR] [net.minecraft.world.item.crafting.RecipeManager/]: Parsing error loading recipe mekanism:sawing/pressure_plate/echo: com.google.gson.JsonParseException: main_output is required
[21Apr2025 23:39:48.509] [main/ERROR] [net.minecraft.world.item.crafting.RecipeManager/]: Parsing error loading recipe cataclysm:stonecutting/frosted_stone_brick_stairs_from_stonecutting: com.google.gson.JsonParseException: Not a JSON object: "cataclysm:frosted_stone_brick_stairs"
[21Apr2025 23:39:48.547] [main/ERROR] [net.minecraft.world.item.crafting.RecipeManager/]: Parsing error loading recipe mekanism:sawing/chest_boat/echo: com.google.gson.JsonParseException: main_output is required
[21Apr2025 23:39:48.555] [main/ERROR] [net.minecraft.world.item.crafting.RecipeManager/]: Parsing error loading recipe cataclysm:stonecutting/purpur_wall_from_stonecutting: com.google.gson.JsonParseException: Not a JSON object: "cataclysm:purpur_wall"
[21Apr2025 23:39:48.564] [main/ERROR] [net.minecraft.world.item.crafting.RecipeManager/]: Parsing error loading recipe mekanism:sawing/trapdoor/echo: com.google.gson.JsonParseException: main_output is required
[21Apr2025 23:39:48.611] [main/ERROR] [net.minecraft.world.item.crafting.RecipeManager/]: Parsing error loading recipe farmersdelight:cutting/echo_hanging_sign: com.google.gson.JsonParseException: Not a JSON object: "deeperdarker:echo_planks"; Failed to parse either. First: Not a json array: {"type":"farmersdelight:tool_action","action":"axe_dig"}; Second: Unknown registry key in ResourceKey[minecraft:root / neoforge:ingredient_serializer]: farmersdelight:tool_action
[21Apr2025 23:39:48.627] [main/ERROR] [net.minecraft.world.item.crafting.RecipeManager/]: Parsing error loading recipe cataclysm:stonecutting/chiseled_stone_brick_pillar_from_stonecutting: com.google.gson.JsonParseException: Not a JSON object: "cataclysm:chiseled_stone_brick_pillar"
[21Apr2025 23:39:48.639] [main/ERROR] [net.minecraft.world.item.crafting.RecipeManager/]: Parsing error loading recipe cataclysm:stonecutting/chiseled_purpur_block_from_stonecutting: com.google.gson.JsonParseException: Not a JSON object: "cataclysm:chiseled_purpur_block"
[21Apr2025 23:39:48.647] [main/ERROR] [net.minecraft.world.item.crafting.RecipeManager/]: Parsing error loading recipe cataclysm:stonecutting/polished_end_stone_slab_from_stonecutting: com.google.gson.JsonParseException: Not a JSON object: "cataclysm:polished_end_stone_slab"
[21Apr2025 23:39:48.678] [main/ERROR] [net.minecraft.world.item.crafting.RecipeManager/]: Parsing error loading recipe cataclysm:stonecutting/obsidian_brick_wall_from_stonecutting: com.google.gson.JsonParseException: Not a JSON object: "cataclysm:obsidian_brick_wall"
[21Apr2025 23:39:48.693] [main/ERROR] [net.minecraft.world.item.crafting.RecipeManager/]: Parsing error loading recipe cataclysm:stonecutting/chiseled_end_stone_bricks_from_stonecutting: com.google.gson.JsonParseException: Not a JSON object: "cataclysm:chiseled_end_stone_bricks"
[21Apr2025 23:39:48.707] [main/ERROR] [net.minecraft.world.item.crafting.RecipeManager/]: Parsing error loading recipe cataclysm:stonecutting/obsidian_brick_stairs_from_stonecutting: com.google.gson.JsonParseException: Not a JSON object: "cataclysm:obsidian_brick_stairs"
[21Apr2025 23:39:48.717] [main/ERROR] [net.minecraft.world.item.crafting.RecipeManager/]: Parsing error loading recipe cataclysm:stonecutting/polished_end_stone_stairs_from_stonecutting: com.google.gson.JsonParseException: Not a JSON object: "cataclysm:polished_end_stone_stairs"
[21Apr2025 23:39:48.719] [main/ERROR] [net.minecraft.world.item.crafting.RecipeManager/]: Parsing error loading recipe cataclysm:stonecutting/chiseled_obsidian_bricks_from_stonecutting: com.google.gson.JsonParseException: Not a JSON object: "cataclysm:chiseled_obsidian_bricks"
[21Apr2025 23:39:48.721] [main/ERROR] [net.minecraft.world.item.crafting.RecipeManager/]: Parsing error loading recipe mekanism:sawing/fence_gate/echo: com.google.gson.JsonParseException: main_output is required
[21Apr2025 23:39:48.722] [main/ERROR] [net.minecraft.world.item.crafting.RecipeManager/]: Parsing error loading recipe cataclysm:stonecutting/polished_end_stone_from_stonecutting: com.google.gson.JsonParseException: Not a JSON object: "cataclysm:polished_end_stone"
[21Apr2025 23:39:48.727] [main/ERROR] [net.minecraft.world.item.crafting.RecipeManager/]: Parsing error loading recipe farmersdelight:cutting/echo_wood: com.google.gson.JsonParseException: Not a JSON object: "minecraft:item.axe.strip"; Not a JSON object: "farmersdelight:tree_bark"; Not a JSON object: "deeperdarker:stripped_echo_wood"; Failed to parse either. First: Not a json array: {"type":"farmersdelight:tool_action","action":"axe_strip"}; Second: Unknown registry key in ResourceKey[minecraft:root / neoforge:ingredient_serializer]: farmersdelight:tool_action
[21Apr2025 23:39:48.742] [main/ERROR] [net.minecraft.world.item.crafting.RecipeManager/]: Parsing error loading recipe farmersdelight:cutting/echo_trapdoor: com.google.gson.JsonParseException: Not a JSON object: "deeperdarker:echo_planks"; Failed to parse either. First: Not a json array: {"type":"farmersdelight:tool_action","action":"axe_dig"}; Second: Unknown registry key in ResourceKey[minecraft:root / neoforge:ingredient_serializer]: farmersdelight:tool_action
[21Apr2025 23:39:48.743] [main/ERROR] [net.minecraft.world.item.crafting.RecipeManager/]: Parsing error loading recipe cataclysm:stonecutting/frosted_stone_brick_wall_from_stonecutting: com.google.gson.JsonParseException: Not a JSON object: "cataclysm:frosted_stone_brick_wall"
[21Apr2025 23:39:48.747] [main/ERROR] [net.minecraft.world.item.crafting.RecipeManager/]: Parsing error loading recipe cataclysm:stonecutting/obsidian_bricks_from_stonecutting: com.google.gson.JsonParseException: Not a JSON object: "cataclysm:obsidian_bricks"
[21Apr2025 23:39:48.751] [main/ERROR] [net.minecraft.world.item.crafting.RecipeManager/]: Parsing error loading recipe cataclysm:blasting/ancient_metal_nugget_from_blasting: com.google.gson.JsonParseException: Not a JSON object: "cataclysm:ancient_metal_nugget"
[21Apr2025 23:39:48.762] [main/ERROR] [net.minecraft.world.item.crafting.RecipeManager/]: Parsing error loading recipe mekanism:sawing/boat/echo: com.google.gson.JsonParseException: main_output is required
[21Apr2025 23:39:48.766] [main/ERROR] [net.minecraft.world.item.crafting.RecipeManager/]: Parsing error loading recipe mekanism:sawing/door/echo: com.google.gson.JsonParseException: main_output is required
[21Apr2025 23:39:48.768] [main/ERROR] [net.minecraft.world.item.crafting.RecipeManager/]: Parsing error loading recipe mekanism:sawing/hanging_sign/echo: com.google.gson.JsonParseException: main_output is required
[21Apr2025 23:39:48.797] [main/ERROR] [net.minecraft.world.item.crafting.RecipeManager/]: Parsing error loading recipe cataclysm:stonecutting/stone_tile_stairs_from_stonecutting: com.google.gson.JsonParseException: Not a JSON object: "cataclysm:stone_tile_stairs"
[21Apr2025 23:39:48.801] [main/ERROR] [net.minecraft.world.item.crafting.RecipeManager/]: Parsing error loading recipe cataclysm:stonecutting/end_stone_pillar_from_stonecutting: com.google.gson.JsonParseException: Not a JSON object: "cataclysm:end_stone_pillar"
[21Apr2025 23:39:48.805] [main/ERROR] [net.minecraft.world.item.crafting.RecipeManager/]: Parsing error loading recipe cataclysm:stonecutting/frosted_stone_brick_slab_from_stonecutting: com.google.gson.JsonParseException: Not a JSON object: "cataclysm:frosted_stone_brick_slab"
[21Apr2025 23:39:48.809] [main/ERROR] [net.minecraft.world.item.crafting.RecipeManager/]: Parsing error loading recipe cataclysm:stonecutting/quartz_brick_wall_from_stonecutting: com.google.gson.JsonParseException: Not a JSON object: "cataclysm:quartz_brick_wall"
[21Apr2025 23:39:48.810] [main/ERROR] [net.minecraft.world.item.crafting.RecipeManager/]: Parsing error loading recipe cataclysm:stonecutting/obsidian_brick_slab_from_stonecutting: com.google.gson.JsonParseException: Not a JSON object: "cataclysm:obsidian_brick_slab"
[21Apr2025 23:39:48.836] [main/ERROR] [net.minecraft.world.item.crafting.RecipeManager/]: Parsing error loading recipe cataclysm:stonecutting/stone_tile_slab_from_stonecutting: com.google.gson.JsonParseException: Not a JSON object: "cataclysm:stone_tile_slab"
[21Apr2025 23:39:48.848] [main/INFO] [net.minecraft.world.item.crafting.RecipeManager/]: Loaded 10762 recipes
[21Apr2025 23:39:49.383] [main/ERROR] [net.minecraft.advancements.AdvancementTree/]: Couldn't load advancements: [dungeons_arise:find_thornborn_towers, dungeons_arise:find_fishing_hut]
[21Apr2025 23:39:49.384] [main/INFO] [net.minecraft.advancements.AdvancementTree/]: Loaded 5936 advancements
[21Apr2025 23:39:49.400] [main/INFO] [Curios API/]: Loaded 14 curio slots
[21Apr2025 23:39:49.405] [main/INFO] [Curios API/]: Loaded 1 curio entities
[21Apr2025 23:39:49.406] [main/INFO] [rechiseled/]: Loaded 273 chiseling recipes
[21Apr2025 23:39:49.453] [main/INFO] [com.lootintegrations.LootintegrationsMod/]: Parsing loot modifiers for:lootintegrations:loot_wda_village with loottable: lootintegrations:chests/village
[21Apr2025 23:39:49.453] [main/INFO] [com.lootintegrations.LootintegrationsMod/]: Parsing loot modifiers for:lootintegrations:loot_wda_nether with loottable: lootintegrations:chests/nether
[21Apr2025 23:39:49.453] [main/INFO] [com.lootintegrations.LootintegrationsMod/]: Parsing loot modifiers for:lootintegrations:yung_dungeonloot_nether with loottable: lootintegrations:chests/nether
[21Apr2025 23:39:49.453] [main/INFO] [com.lootintegrations.LootintegrationsMod/]: Parsing loot modifiers for:lootintegrations:loot_wda_hard with loottable: lootintegrations:chests/hard
[21Apr2025 23:39:49.454] [main/INFO] [com.lootintegrations.LootintegrationsMod/]: Parsing loot modifiers for:lootintegrations:yung_dungeonloot_medium with loottable: lootintegrations:chests/medium
[21Apr2025 23:39:49.454] [main/INFO] [com.lootintegrations.LootintegrationsMod/]: Parsing loot modifiers for:lootintegrations:yung_villageloot_house with loottable: lootintegrations:chests/village
[21Apr2025 23:39:49.454] [main/INFO] [com.lootintegrations.LootintegrationsMod/]: Parsing loot modifiers for:lootintegrations:loot_wda_medium with loottable: lootintegrations:chests/medium
[21Apr2025 23:39:49.454] [main/INFO] [com.lootintegrations.LootintegrationsMod/]: Parsing loot modifiers for:lootintegrations:yung_dungeonloot_water with loottable: lootintegrations:chests/water
[21Apr2025 23:39:49.454] [main/INFO] [com.lootintegrations.LootintegrationsMod/]: Parsing loot modifiers for:lootintegrations:loot_wda_easy with loottable: lootintegrations:chests/easy
[21Apr2025 23:39:49.454] [main/INFO] [com.lootintegrations.LootintegrationsMod/]: Parsing loot modifiers for:lootintegrations:loot_wda_water with loottable: lootintegrations:chests/water
[21Apr2025 23:39:49.455] [main/INFO] [com.lootintegrations.LootintegrationsMod/]: Parsing loot modifiers for:lootintegrations:yung_dungeonloot_easy with loottable: lootintegrations:chests/easy
[21Apr2025 23:39:49.455] [main/INFO] [com.lootintegrations.LootintegrationsMod/]: Parsing loot modifiers for:lootintegrations:dungeonloot_no_overflow with loottable: minecraft:chests/simple_dungeon
[21Apr2025 23:39:49.475] [main/INFO] [Dungeon Crawl/]: Loading data...
[21Apr2025 23:39:49.797] [main/INFO] [Dungeon Crawl/]: Done.
[21Apr2025 23:39:49.808] [main/INFO] [Gateways to Eternity/]: Registered 7 gateways.
[21Apr2025 23:39:49.825] [main/INFO] [Apotheosis : Enchantment/]: Registered 25 enchanting_stats.
[21Apr2025 23:39:49.840] [main/INFO] [placebo/]: Registered 45 gear_sets.
[21Apr2025 23:39:49.843] [main/INFO] [placebo/]: Registered 26 wanderer_trades.
[21Apr2025 23:39:49.847] [main/INFO] [placebo/]: Registered 37 brewing_mixes.
[21Apr2025 23:39:49.848] [main/INFO] [apotheosis/]: Registered 5 rarities.
[21Apr2025 23:39:49.893] [main/INFO] [apotheosis/]: Registered 93 affixes.
[21Apr2025 23:39:49.894] [main/INFO] [apotheosis/]: Registered 0 extra_gem_bonuses.
[21Apr2025 23:39:49.905] [main/INFO] [apotheosis/]: Registered 23 gems.
[21Apr2025 23:39:49.915] [main/INFO] [apotheosis/]: Registered 95 affix_loot_entries.
[21Apr2025 23:39:49.929] [main/INFO] [apotheosis/]: Registered 31 apothic_invaders.
[21Apr2025 23:39:49.932] [main/INFO] [apotheosis/]: Registered 9 rogue_spawners.
[21Apr2025 23:39:49.934] [main/INFO] [apotheosis/]: Registered 4 apothic_elites.
[21Apr2025 23:39:49.934] [main/INFO] [apotheosis/]: Registered 1 purity_weights.
[21Apr2025 23:39:49.935] [main/INFO] [apotheosis/]: Registered 1 apothic_augments.
[21Apr2025 23:39:49.936] [main/INFO] [apotheosis/]: Registered 19 tier_augments.
[21Apr2025 23:39:49.975] [main/WARN] [net.minecraft.core.MappedRegistry/]: Not all defined tags for registry ResourceKey[minecraft:root / minecraft:block] are present in data pack: c:incorrect_for_allthemodiumalloy_tool, cataclysm:needs_black_steel_tool, cataclysm:needs_monstrosity_tool
[21Apr2025 23:39:50.066] [main/INFO] [net.neoforged.coremod.CoreMod.apothic_enchanting/COREMODLOG]: Replaced 1 calls to Enchantment#getMaxLevel() in net/minecraft/world/entity/npc/VillagerTrades$EnchantBookForEmeralds
[21Apr2025 23:39:50.103] [main/INFO] [evilcraft/]: 19 Broom modifiers can be applied!
[21Apr2025 23:39:50.444] [Server thread/INFO] [net.minecraft.server.dedicated.DedicatedServer/]: Starting minecraft server version 1.21.1
[21Apr2025 23:39:50.445] [Server thread/INFO] [net.minecraft.server.dedicated.DedicatedServer/]: Loading properties
[21Apr2025 23:39:50.445] [Server thread/INFO] [net.minecraft.server.dedicated.DedicatedServer/]: Default game type: SURVIVAL
[21Apr2025 23:39:50.445] [Server thread/INFO] [net.minecraft.server.MinecraftServer/]: Generating keypair
[21Apr2025 23:39:50.547] [Server thread/INFO] [net.minecraft.server.dedicated.DedicatedServer/]: Starting Minecraft server on *:25565
[21Apr2025 23:39:50.601] [Server thread/INFO] [net.minecraft.server.network.ServerConnectionListener/]: Using epoll channel type
[21Apr2025 23:39:50.635] [Server thread/WARN] [net.minecraft.server.dedicated.DedicatedServer/]: **** SERVER IS RUNNING IN OFFLINE/INSECURE MODE!
[21Apr2025 23:39:50.636] [Server thread/WARN] [net.minecraft.server.dedicated.DedicatedServer/]: The server will make no attempt to authenticate usernames. Beware.
[21Apr2025 23:39:50.636] [Server thread/WARN] [net.minecraft.server.dedicated.DedicatedServer/]: While this makes the game possible to play without internet access, it also opens up the ability for hackers to connect with any username they choose.
[21Apr2025 23:39:50.636] [Server thread/WARN] [net.minecraft.server.dedicated.DedicatedServer/]: To change this, set "online-mode" to "true" in the server.properties file.
[21Apr2025 23:39:50.657] [Server thread/INFO] [Puzzles Lib/]: Dispatching loading event for config pickupnotifier/pickupnotifier-server.toml
[21Apr2025 23:39:50.660] [Server thread/INFO] [Puzzles Lib/]: Dispatching loading event for config enchantinginfuser-server.toml
[21Apr2025 23:39:50.675] [Server thread/INFO] [Puzzles Lib/]: Dispatching loading event for config illagerinvasion-server.toml
[21Apr2025 23:39:50.754] [Server thread/INFO] [Puzzles Lib/]: Dispatching loading event for config magnumtorch-server.toml
[21Apr2025 23:39:50.774] [Server thread/WARN] [net.neoforged.neoforge.server.ServerLifecycleHooks/]: Detected minecraft:axolotl that was registered with AXOLOTLS mob category but was added under UNDERGROUND_WATER_CREATURE mob category for terralith:alpha_islands biome! Mobs should be added to biomes under the same mob category that the mob was registered as to prevent mob cap spawning issues.
[21Apr2025 23:39:50.792] [Server thread/WARN] [net.neoforged.neoforge.server.ServerLifecycleHooks/]: Detected deeperdarker:angler_fish that was registered with WATER_CREATURE mob category but was added under MONSTER mob category for deeperdarker:blooming_caverns biome! Mobs should be added to biomes under the same mob category that the mob was registered as to prevent mob cap spawning issues.
[21Apr2025 23:39:50.836] [Server thread/WARN] [net.neoforged.neoforge.server.ServerLifecycleHooks/]: Detected minecraft:axolotl that was registered with AXOLOTLS mob category but was added under UNDERGROUND_WATER_CREATURE mob category for terralith:fractured_savanna biome! Mobs should be added to biomes under the same mob category that the mob was registered as to prevent mob cap spawning issues.
[21Apr2025 23:39:50.950] [Server thread/INFO] [com.github.jarva.arsadditions.ArsAdditions/]: Starting locating executor service with thread pool size of 1
[21Apr2025 23:39:51.021] [Server thread/INFO] [littletiles/]: Loaded 21 premade structure models
[21Apr2025 23:39:51.037] [Server thread/INFO] [littletiles/]: Loaded 21 premade structure models
[21Apr2025 23:39:51.055] [Server thread/INFO] [terrablender/]: Initialized TerraBlender biomes for level stem minecraft:the_nether
[21Apr2025 23:39:51.782] [Server thread/INFO] [terrablender/]: Initialized TerraBlender biomes for level stem minecraft:overworld
[21Apr2025 23:39:51.782] [Server thread/INFO] [net.minecraft.server.dedicated.DedicatedServer/]: Preparing level "world"
[21Apr2025 23:39:52.983] [Server thread/INFO] [com.cupboard.Cupboard/]: Loaded config for: betterchunkloading.json
[21Apr2025 23:40:05.704] [Server thread/WARN] [com.structureessentials.StructureEssentials/]: Non-unique structure_set salt:0 potentially creating overlapping structures detected. Structure sets: [twilightforest:dark_tower, minecraft:mineshafts, twilightforest:final_castle, twilightforest:large_hollow_hill, twilightforest:hedge_maze, minecraft:buried_treasures, twilightforest:giant_house, twilightforest:aurora_palace, twilightforest:naga_courtyard, twilightforest:labyrinth, twilightforest:lich_tower, twilightforest:yeti_cave, twilightforest:quest_grove, twilightforest:small_hollow_hill, minecraft:strongholds, twilightforest:troll_cave, twilightforest:medium_hollow_hill, twilightforest:knight_stronghold, twilightforest:hydra_lair]
[21Apr2025 23:40:05.704] [Server thread/WARN] [com.structureessentials.StructureEssentials/]: Non-unique structure_set salt:2358902 potentially creating overlapping structures detected. Structure sets: [terralith:mage, terralith:regular]
[21Apr2025 23:40:05.704] [Server thread/WARN] [com.structureessentials.StructureEssentials/]: Non-unique structure_set salt:100922847 potentially creating overlapping structures detected. Structure sets: [mns:medium_house, mns:medium_house_2]
[21Apr2025 23:40:05.704] [Server thread/WARN] [com.structureessentials.StructureEssentials/]: Non-unique structure_set salt:10387313 potentially creating overlapping structures detected. Structure sets: [minecraft:ocean_monuments, minecraft:end_cities, dungeoncrawl:dungeons]
[21Apr2025 23:40:05.705] [Server thread/WARN] [com.structureessentials.StructureEssentials/]: Non-unique structure_set salt:433252558 potentially creating overlapping structures detected. Structure sets: [mvs:houses/azelea_house, mvs:houses/warped_house]
[21Apr2025 23:40:05.705] [Server thread/WARN] [com.structureessentials.StructureEssentials/]: Non-unique structure_set salt:784827271 potentially creating overlapping structures detected. Structure sets: [betterfortresses:fortress, betteroceanmonuments:ocean_monument]
[21Apr2025 23:40:05.705] [Server thread/WARN] [com.structureessentials.StructureEssentials/]: Non-unique structure_set salt:420699602 potentially creating overlapping structures detected. Structure sets: [structory_towers:ultra_rare_towers, structory_towers:end_towers, structory_towers:towers]
[21Apr2025 23:40:05.705] [Server thread/WARN] [com.structureessentials.StructureEssentials/]: Non-unique structure_set salt:499672 potentially creating overlapping structures detected. Structure sets: [bosses_of_mass_destruction:obsidilith_arena, bosses_of_mass_destruction:gauntlet_arena]
[21Apr2025 23:40:05.712] [Server thread/INFO] [net.minecraft.server.MinecraftServer/]: Preparing start region for dimension minecraft:overworld
[21Apr2025 23:40:05.717] [Server thread/WARN] [mixin/]: Method overwrite conflict for removeIf in lithium.mixins.json:collections.chunk_tickets.SortedArraySetMixin from mod lithium, previously written by org.embeddedt.modernfix.common.mixin.bugfix.paper_chunk_patches.SortedArraySetMixin. Skipping method.
[21Apr2025 23:40:08.879] [Worker-Main-1/INFO] [net.minecraft.server.level.progress.LoggerChunkProgressListener/]: Preparing spawn area: 0%
[21Apr2025 23:40:08.883] [Worker-Main-1/INFO] [net.minecraft.server.level.progress.LoggerChunkProgressListener/]: Preparing spawn area: 0%
[21Apr2025 23:40:08.883] [Worker-Main-1/INFO] [net.minecraft.server.level.progress.LoggerChunkProgressListener/]: Preparing spawn area: 0%
[21Apr2025 23:40:08.883] [Worker-Main-1/INFO] [net.minecraft.server.level.progress.LoggerChunkProgressListener/]: Preparing spawn area: 0%
[21Apr2025 23:40:08.883] [Worker-Main-1/INFO] [net.minecraft.server.level.progress.LoggerChunkProgressListener/]: Preparing spawn area: 0%
[21Apr2025 23:40:08.883] [Worker-Main-1/INFO] [net.minecraft.server.level.progress.LoggerChunkProgressListener/]: Preparing spawn area: 0%
[21Apr2025 23:40:08.884] [Worker-Main-1/INFO] [net.minecraft.server.level.progress.LoggerChunkProgressListener/]: Preparing spawn area: 0%
[21Apr2025 23:40:09.238] [Worker-Main-3/INFO] [net.minecraft.server.level.progress.LoggerChunkProgressListener/]: Preparing spawn area: 100%
[21Apr2025 23:40:09.713] [Worker-Main-3/INFO] [net.minecraft.server.level.progress.LoggerChunkProgressListener/]: Preparing spawn area: 100%
[21Apr2025 23:40:09.759] [Server thread/INFO] [net.minecraft.server.level.progress.LoggerChunkProgressListener/]: Time elapsed: 4048 ms
[21Apr2025 23:40:09.760] [Server thread/INFO] [net.minecraft.server.dedicated.DedicatedServer/]: Done (19.105s)! For help, type "help"
[21Apr2025 23:40:09.779] [Server thread/ERROR] [net.minecraft.server.packs.AbstractPackResources/]: Couldn't load filter metadata
com.google.gson.JsonParseException: java.io.EOFException: End of input at line 1 column 1 path $
	at TRANSFORMER/minecraft@1.21.1/net.minecraft.util.GsonHelper.fromNullableJson(GsonHelper.java:527) ~[server-1.21.1-20240808.144430-srg.jar%23287!/:?]
	at TRANSFORMER/minecraft@1.21.1/net.minecraft.util.GsonHelper.fromJson(GsonHelper.java:532) ~[server-1.21.1-20240808.144430-srg.jar%23287!/:?]
	at TRANSFORMER/minecraft@1.21.1/net.minecraft.util.GsonHelper.parse(GsonHelper.java:594) ~[server-1.21.1-20240808.144430-srg.jar%23287!/:?]
	at TRANSFORMER/minecraft@1.21.1/net.minecraft.util.GsonHelper.parse(GsonHelper.java:602) ~[server-1.21.1-20240808.144430-srg.jar%23287!/:?]
	at TRANSFORMER/minecraft@1.21.1/net.minecraft.server.packs.AbstractPackResources.getMetadataFromStream(AbstractPackResources.java:44) ~[server-1.21.1-20240808.144430-srg.jar%23287!/:?]
	at TRANSFORMER/minecraft@1.21.1/net.minecraft.server.packs.AbstractPackResources.getMetadataSection(AbstractPackResources.java:33) ~[server-1.21.1-20240808.144430-srg.jar%23287!/:?]
	at TRANSFORMER/minecraft@1.21.1/net.minecraft.server.packs.resources.MultiPackResourceManager.getPackFilterSection(MultiPackResourceManager.java:63) ~[server-1.21.1-20240808.144430-srg.jar%23287!/:?]
	at TRANSFORMER/minecraft@1.21.1/net.minecraft.server.packs.resources.MultiPackResourceManager.<init>(MultiPackResourceManager.java:30) ~[server-1.21.1-20240808.144430-srg.jar%23287!/:?]
	at TRANSFORMER/neoforge@21.1.145/net.neoforged.neoforge.server.LanguageHook.loadLanguage(LanguageHook.java:57) ~[neoforge-21.1.145-universal.jar%23288!/:?]
	at TRANSFORMER/neoforge@21.1.145/net.neoforged.neoforge.server.LanguageHook.loadModLanguages(LanguageHook.java:103) ~[neoforge-21.1.145-universal.jar%23288!/:?]
	at TRANSFORMER/neoforge@21.1.145/net.neoforged.neoforge.server.ServerLifecycleHooks.handleServerStarting(ServerLifecycleHooks.java:103) ~[neoforge-21.1.145-universal.jar%23288!/:?]
	at TRANSFORMER/minecraft@1.21.1/net.minecraft.server.dedicated.DedicatedServer.initServer(DedicatedServer.java:230) ~[server-1.21.1-20240808.144430-srg.jar%23287!/:?]
	at TRANSFORMER/minecraft@1.21.1/net.minecraft.server.MinecraftServer.runServer(MinecraftServer.java:670) ~[server-1.21.1-20240808.144430-srg.jar%23287!/:?]
	at TRANSFORMER/minecraft@1.21.1/net.minecraft.server.MinecraftServer.lambda$spin$2(MinecraftServer.java:267) ~[server-1.21.1-20240808.144430-srg.jar%23287!/:?]
	at java.base/java.lang.Thread.run(Thread.java:1583) [?:?]
Caused by: java.io.EOFException: End of input at line 1 column 1 path $
	at MC-BOOTSTRAP/com.google.gson@2.10.1/com.google.gson.stream.JsonReader.nextNonWhitespace(JsonReader.java:1457) ~[gson-2.10.1.jar%2382!/:?]
	at MC-BOOTSTRAP/com.google.gson@2.10.1/com.google.gson.stream.JsonReader.doPeek(JsonReader.java:558) ~[gson-2.10.1.jar%2382!/:?]
	at MC-BOOTSTRAP/com.google.gson@2.10.1/com.google.gson.stream.JsonReader.peek(JsonReader.java:433) ~[gson-2.10.1.jar%2382!/:?]
	at MC-BOOTSTRAP/com.google.gson@2.10.1/com.google.gson.internal.bind.TypeAdapters$28.read(TypeAdapters.java:769) ~[gson-2.10.1.jar%2382!/:?]
	at MC-BOOTSTRAP/com.google.gson@2.10.1/com.google.gson.internal.bind.TypeAdapters$28.read(TypeAdapters.java:725) ~[gson-2.10.1.jar%2382!/:?]
	at MC-BOOTSTRAP/com.google.gson@2.10.1/com.google.gson.internal.bind.TypeAdapters$34$1.read(TypeAdapters.java:1007) ~[gson-2.10.1.jar%2382!/:?]
	at TRANSFORMER/minecraft@1.21.1/net.minecraft.util.GsonHelper.fromNullableJson(GsonHelper.java:525) ~[server-1.21.1-20240808.144430-srg.jar%23287!/:?]
	... 14 more
[21Apr2025 23:40:09.986] [Server thread/INFO] [net.neoforged.neoforge.server.permission.PermissionAPI/]: Successfully initialized permission handler neoforge:default_handler
[21Apr2025 23:40:10.017] [Server thread/INFO] [evilcraft/]: Loading infobook /data/evilcraft/info/book.xml
[21Apr2025 23:40:10.076] [Server thread/WARN] [evilcraft/]: Invalid appendix info_book.evilcraft.second_age.tools.broom from mod evilcraft in an infobook: The broom modifier evilcraft:witherer has no valid items
[21Apr2025 23:40:10.076] [Server thread/WARN] [evilcraft/]: Invalid appendix info_book.evilcraft.second_age.tools.broom from mod evilcraft in an infobook: The broom modifier evilcraft:hungerer has no valid items
[21Apr2025 23:40:10.077] [Server thread/WARN] [evilcraft/]: Invalid appendix info_book.evilcraft.second_age.tools.broom from mod evilcraft in an infobook: The broom modifier evilcraft:kamikaze has no valid items
[21Apr2025 23:40:10.077] [Server thread/WARN] [evilcraft/]: Invalid appendix info_book.evilcraft.second_age.tools.broom from mod evilcraft in an infobook: The broom modifier evilcraft:withershield has no valid items
[21Apr2025 23:40:10.205] [Server thread/INFO] [integrateddynamics/]: Loading infobook /data/integrateddynamics/info/on_the_dynamics_of_integration.xml
[21Apr2025 23:40:10.253] [Server thread/INFO] [cyclopscore/]: Loading infobook /data/cyclopscore/info/test.xml
[21Apr2025 23:40:10.265] [Server thread/INFO] [com.cupboard.Cupboard/]: Loaded config for: lootintegrations.json
[21Apr2025 23:40:10.265] [Server thread/INFO] [com.cupboard.Cupboard/]: Loaded config for: chunksending.json
[21Apr2025 23:40:10.266] [Server thread/INFO] [com.cupboard.Cupboard/]: Loaded config for: smoothchunk.json
[21Apr2025 23:40:10.267] [Server thread/INFO] [com.cupboard.Cupboard/]: Loaded config for: farsight.json
[21Apr2025 23:40:10.272] [Server thread/INFO] [patchouli/]: Sending reload packet to clients
[21Apr2025 23:40:10.273] [Server thread/WARN] [ModernFix/]: Dedicated server took 66.404 seconds to load
[21Apr2025 23:40:12.559] [Server thread/WARN] [net.minecraft.server.MinecraftServer/]: Can't keep up! Is the server overloaded? Running 2033ms or 40 ticks behind
[21Apr2025 23:40:13.740] [Server thread/ERROR] [mekanism.common.content.miner.MinerRegionCache/]: Failed to load chunk for searcher cache: 16, -965
[21Apr2025 23:40:13.740] [Server thread/ERROR] [mekanism.common.content.miner.MinerRegionCache/]: Failed to load chunk for searcher cache: 16, -964
[21Apr2025 23:40:13.741] [Server thread/ERROR] [mekanism.common.content.miner.MinerRegionCache/]: Failed to load chunk for searcher cache: 16, -963
[21Apr2025 23:40:13.741] [Server thread/ERROR] [mekanism.common.content.miner.MinerRegionCache/]: Failed to load chunk for searcher cache: 16, -962
[21Apr2025 23:40:13.742] [Server thread/ERROR] [mekanism.common.content.miner.MinerRegionCache/]: Failed to load chunk for searcher cache: 16, -961
[21Apr2025 23:40:13.742] [Server thread/ERROR] [mekanism.common.content.miner.MinerRegionCache/]: Failed to load chunk for searcher cache: 17, -961
[21Apr2025 23:40:13.742] [Server thread/ERROR] [mekanism.common.content.miner.MinerRegionCache/]: Failed to load chunk for searcher cache: 18, -961
[21Apr2025 23:40:13.743] [Server thread/ERROR] [mekanism.common.content.miner.MinerRegionCache/]: Failed to load chunk for searcher cache: 19, -961
[21Apr2025 23:40:13.743] [Server thread/ERROR] [mekanism.common.content.miner.MinerRegionCache/]: Failed to load chunk for searcher cache: 20, -961
[21Apr2025 23:40:13.743] [Server thread/ERROR] [mekanism.common.content.miner.MinerRegionCache/]: Failed to load chunk for searcher cache: 21, -961
[21Apr2025 23:40:17.326] [Server thread/INFO] [net.minecraft.server.players.PlayerList/]: ShenYugen[/127.12.124.144:56169] logged in with entity id 1194 at (337.68292302070137, 146.0, -15542.333049528064)
[21Apr2025 23:40:17.591] [Server thread/INFO] [owo/]: Sending server config values to client
[21Apr2025 23:40:17.718] [Server thread/INFO] [net.minecraft.server.MinecraftServer/]: ShenYugen joined the game
[21Apr2025 23:40:19.284] [Server thread/INFO] [owo/]: Receiving client config
[21Apr2025 23:40:31.579] [Server thread/WARN] [net.minecraft.server.MinecraftServer/]: Can't keep up! Is the server overloaded? Running 4053ms or 81 ticks behind
[21Apr2025 23:40:54.320] [Worker-Main-3/WARN] [net.minecraft.world.level.levelgen.heightproviders.UniformHeight/]: Empty height range: [6 above bottom--1 absolute]
[21Apr2025 23:40:54.321] [Worker-Main-3/WARN] [net.minecraft.world.level.levelgen.heightproviders.UniformHeight/]: Empty height range: [6 above bottom--1 absolute]
[21Apr2025 23:40:54.322] [Worker-Main-3/WARN] [net.minecraft.world.level.levelgen.heightproviders.UniformHeight/]: Empty height range: [6 above bottom--1 absolute]
[21Apr2025 23:41:23.960] [Server thread/INFO] [net.minecraft.server.network.ServerGamePacketListenerImpl/]: ShenYugen lost connection: Disconnected
[21Apr2025 23:41:23.962] [Server thread/INFO] [net.minecraft.server.MinecraftServer/]: ShenYugen left the game
[21Apr2025 23:41:24.106] [Server thread/WARN] [net.minecraft.server.MinecraftServer/]: Can't keep up! Is the server overloaded? Running 30880ms or 617 ticks behind
[21Apr2025 23:41:30.335] [Server thread/INFO] [net.minecraft.server.players.PlayerList/]: ShenYugen[/127.12.124.144:60153] logged in with entity id 2606 at (338.13313228062947, 146.0, -15528.903223073321)
[21Apr2025 23:41:30.450] [Server thread/INFO] [owo/]: Sending server config values to client
[21Apr2025 23:41:30.489] [Server thread/INFO] [net.minecraft.server.MinecraftServer/]: ShenYugen joined the game
[21Apr2025 23:41:31.387] [Server thread/INFO] [owo/]: Receiving client config
[21Apr2025 23:41:31.517] [Worker-Main-1/WARN] [net.minecraft.world.entity.ai.attributes.AttributeMap/]: Ignoring unknown attribute 'forge:entity_gravity'
[21Apr2025 23:41:31.522] [Worker-Main-1/WARN] [net.minecraft.world.entity.npc.AbstractVillager/]: Failed to load offers: Failed to get element cyclic:reach missed input: {"cyclic:reach":1} missed input: {"minecraft:stored_enchantments":{levels:{"cyclic:reach":1}}}
[21Apr2025 23:49:24.348] [Server thread/WARN] [net.minecraft.server.MinecraftServer/]: Can't keep up! Is the server overloaded? Running 2072ms or 41 ticks behind
[21Apr2025 23:51:01.331] [Server thread/INFO] [net.minecraft.server.MinecraftServer/]: [ShenYugen: Teleported ShenYugen to -1055.500000, 17.500000, -20086.500000]
[21Apr2025 23:51:29.382] [Server thread/INFO] [net.minecraft.server.MinecraftServer/]: [ShenYugen: Teleported ShenYugen to 5444.500000, -41.500000, -16366.500000]
[21Apr2025 23:51:41.010] [Server thread/INFO] [net.minecraft.server.MinecraftServer/]: [ShenYugen: Teleported ShenYugen to 302.500000, 118.500000, -15416.500000]
[21Apr2025 23:53:09.068] [Server thread/INFO] [net.minecraft.server.MinecraftServer/]: [ShenYugen: Teleported ShenYugen to 355.500000, 253.500000, -15542.500000]
[21Apr2025 23:56:08.864] [Server thread/INFO] [net.minecraft.server.MinecraftServer/]: [ShenYugen: Teleported ShenYugen to 338.500000, 146.500000, -15528.500000]
